trial_id,task,arm,demonstration,scenario,intervention,perturbed,frame,expected_relation,skill_index,anchor_local_index,horizon_ticks,baseline_detection,proposed_detection,proposed_detection_latency,proposed_recover_rate,proposed_defer_rate,proposed_block_rate,baseline_active_rate,proposed_mean_weight,proposed_final_relation,baseline_active_expert_suppressed
relation:stack_wine:d0:break_link_control:wine_bottle,stack_wine,single,0,break_link_control,break_link,0,wine_bottle,linked,3,25,12,0,0,,0.0,0.0,0.0,0.0,0.0,linked,0
relation:stack_wine:d0:break_link_perturbed:wine_bottle,stack_wine,single,0,break_link_perturbed,break_link,1,wine_bottle,linked,3,25,12,0,1,0,1.0,0.0,1.0,0.0,0.0,external,0
relation:stack_wine:d0:false_coupling_control:wine_bottle,stack_wine,single,0,false_coupling_control,false_coupling,0,wine_bottle,external,0,41,12,0,0,,0.0,0.0,0.0,1.0,0.9999956172166358,external,0
relation:stack_wine:d0:false_coupling_perturbed:wine_bottle,stack_wine,single,0,false_coupling_perturbed,false_coupling,1,wine_bottle,external,0,41,12,0,1,0,1.0,0.0,1.0,1.0,0.0,linked,1
relation:stack_wine:d1:break_link_control:wine_bottle,stack_wine,single,1,break_link_control,break_link,0,wine_bottle,linked,3,24,12,0,0,,0.0,0.0,0.0,0.0,0.0,linked,0
relation:stack_wine:d1:break_link_perturbed:wine_bottle,stack_wine,single,1,break_link_perturbed,break_link,1,wine_bottle,linked,3,24,12,0,1,0,1.0,0.0,1.0,0.0,0.0,external,0
relation:stack_wine:d1:false_coupling_control:wine_bottle,stack_wine,single,1,false_coupling_control,false_coupling,0,wine_bottle,external,0,49,12,0,0,,0.0,0.0,0.0,1.0,0.999995617275305,external,0
relation:stack_wine:d1:false_coupling_perturbed:wine_bottle,stack_wine,single,1,false_coupling_perturbed,false_coupling,1,wine_bottle,external,0,49,12,0,1,0,1.0,0.0,1.0,1.0,0.0,linked,1
relation:stack_wine:d2:break_link_control:wine_bottle,stack_wine,single,2,break_link_control,break_link,0,wine_bottle,linked,3,24,12,0,0,,0.0,0.0,0.0,0.0,0.0,linked,0
relation:stack_wine:d2:break_link_perturbed:wine_bottle,stack_wine,single,2,break_link_perturbed,break_link,1,wine_bottle,linked,3,24,12,0,1,0,1.0,0.0,1.0,0.0,0.0,external,0
relation:stack_wine:d2:false_coupling_control:wine_bottle,stack_wine,single,2,false_coupling_control,false_coupling,0,wine_bottle,external,0,45,12,0,0,,0.0,0.0,0.0,1.0,0.9999956170530772,external,0
relation:stack_wine:d2:false_coupling_perturbed:wine_bottle,stack_wine,single,2,false_coupling_perturbed,false_coupling,1,wine_bottle,external,0,45,12,0,1,0,1.0,0.0,1.0,1.0,0.0,linked,1
relation:stack_wine:d3:break_link_control:wine_bottle,stack_wine,single,3,break_link_control,break_link,0,wine_bottle,linked,3,24,12,0,0,,0.0,0.0,0.0,0.0,0.0,linked,0
relation:stack_wine:d3:break_link_perturbed:wine_bottle,stack_wine,single,3,break_link_perturbed,break_link,1,wine_bottle,linked,3,24,12,0,1,0,1.0,0.0,1.0,0.0,0.0,external,0
relation:stack_wine:d3:false_coupling_control:wine_bottle,stack_wine,single,3,false_coupling_control,false_coupling,0,wine_bottle,external,0,52,12,0,0,,0.0,0.0,0.0,1.0,0.9999956171474161,external,0
relation:stack_wine:d3:false_coupling_perturbed:wine_bottle,stack_wine,single,3,false_coupling_perturbed,false_coupling,1,wine_bottle,external,0,52,12,0,1,0,1.0,0.0,1.0,1.0,0.0,linked,1
relation:stack_wine:d4:break_link_control:wine_bottle,stack_wine,single,4,break_link_control,break_link,0,wine_bottle,linked,3,24,12,0,0,,0.0,0.0,0.0,0.0,0.0,linked,0
relation:stack_wine:d4:break_link_perturbed:wine_bottle,stack_wine,single,4,break_link_perturbed,break_link,1,wine_bottle,linked,3,24,12,0,1,0,1.0,0.0,1.0,0.0,0.0,external,0
relation:stack_wine:d4:false_coupling_control:wine_bottle,stack_wine,single,4,false_coupling_control,false_coupling,0,wine_bottle,external,0,57,12,0,0,,0.0,0.0,0.0,1.0,0.9999956172685943,external,0
relation:stack_wine:d4:false_coupling_perturbed:wine_bottle,stack_wine,single,4,false_coupling_perturbed,false_coupling,1,wine_bottle,external,0,57,12,0,1,0,1.0,0.0,1.0,1.0,0.0,linked,1
relation:place_cups:d0:break_link_control:mug0,place_cups,single,0,break_link_control,break_link,0,mug0,linked,3,53,12,0,0,,0.0,0.0,0.0,0.0,0.0,linked,0
relation:place_cups:d0:break_link_perturbed:mug0,place_cups,single,0,break_link_perturbed,break_link,1,mug0,linked,3,53,12,0,1,0,1.0,0.0,1.0,0.0,0.0,external,0
relation:place_cups:d0:false_coupling_control:mug0,place_cups,single,0,false_coupling_control,false_coupling,0,mug0,external,0,43,12,0,0,,0.0,0.0,0.0,1.0,0.999995617226285,external,0
relation:place_cups:d0:false_coupling_perturbed:mug0,place_cups,single,0,false_coupling_perturbed,false_coupling,1,mug0,external,0,43,12,0,1,0,1.0,0.0,1.0,1.0,0.0,linked,1
relation:place_cups:d1:break_link_control:mug0,place_cups,single,1,break_link_control,break_link,0,mug0,linked,3,51,12,0,0,,0.0,0.0,0.0,0.0,0.0,linked,0
relation:place_cups:d1:break_link_perturbed:mug0,place_cups,single,1,break_link_perturbed,break_link,1,mug0,linked,3,51,12,0,1,0,1.0,0.0,1.0,0.0,0.0,external,0
relation:place_cups:d1:false_coupling_control:mug0,place_cups,single,1,false_coupling_control,false_coupling,0,mug0,external,0,32,12,0,0,,0.0,0.0,0.0,1.0,0.9999956172375283,external,0
relation:place_cups:d1:false_coupling_perturbed:mug0,place_cups,single,1,false_coupling_perturbed,false_coupling,1,mug0,external,0,32,12,0,1,0,1.0,0.0,1.0,1.0,0.0,linked,1
relation:place_cups:d2:break_link_control:mug0,place_cups,single,2,break_link_control,break_link,0,mug0,linked,4,9,12,0,0,,0.0,0.0,0.0,0.0,0.0,linked,0
relation:place_cups:d2:break_link_perturbed:mug0,place_cups,single,2,break_link_perturbed,break_link,1,mug0,linked,4,9,12,0,1,1,0.9166666666666666,0.08333333333333333,1.0,0.0,0.0,external,0
relation:place_cups:d2:false_coupling_control:mug0,place_cups,single,2,false_coupling_control,false_coupling,0,mug0,external,0,40,12,0,0,,0.0,0.0,0.0,1.0,0.9999956172263418,external,0
relation:place_cups:d2:false_coupling_perturbed:mug0,place_cups,single,2,false_coupling_perturbed,false_coupling,1,mug0,external,0,40,12,0,1,0,1.0,0.0,1.0,1.0,0.0,linked,1
relation:place_cups:d3:break_link_control:mug0,place_cups,single,3,break_link_control,break_link,0,mug0,linked,3,53,12,0,0,,0.0,0.0,0.0,0.0,0.0,linked,0
relation:place_cups:d3:break_link_perturbed:mug0,place_cups,single,3,break_link_perturbed,break_link,1,mug0,linked,3,53,12,0,1,0,1.0,0.0,1.0,0.0,0.0,external,0
relation:place_cups:d3:false_coupling_control:mug0,place_cups,single,3,false_coupling_control,false_coupling,0,mug0,external,0,39,12,0,0,,0.0,0.0,0.0,1.0,0.9999956171680614,external,0
relation:place_cups:d3:false_coupling_perturbed:mug0,place_cups,single,3,false_coupling_perturbed,false_coupling,1,mug0,external,0,39,12,0,1,0,1.0,0.0,1.0,1.0,0.0,linked,1
relation:place_cups:d4:break_link_control:mug0,place_cups,single,4,break_link_control,break_link,0,mug0,linked,3,16,12,0,0,,0.0,0.0,0.0,0.0,0.0,linked,0
relation:place_cups:d4:break_link_perturbed:mug0,place_cups,single,4,break_link_perturbed,break_link,1,mug0,linked,3,16,12,0,1,0,1.0,0.0,1.0,0.0,0.0,external,0
relation:place_cups:d4:false_coupling_control:mug0,place_cups,single,4,false_coupling_control,false_coupling,0,mug0,external,0,43,12,0,0,,0.0,0.0,0.0,1.0,0.9999956172255167,external,0
relation:place_cups:d4:false_coupling_perturbed:mug0,place_cups,single,4,false_coupling_perturbed,false_coupling,1,mug0,external,0,43,12,0,1,0,1.0,0.0,1.0,1.0,0.0,linked,1
relation:open_microwave:d0:break_link_control:microwave_door,open_microwave,single,0,break_link_control,break_link,0,microwave_door,linked,2,28,12,0,0,,0.0,0.0,0.0,0.0,0.0,linked,0
relation:open_microwave:d0:break_link_perturbed:microwave_door,open_microwave,single,0,break_link_perturbed,break_link,1,microwave_door,linked,2,28,12,0,1,0,1.0,0.0,1.0,0.0,0.0,external,0
relation:open_microwave:d0:false_coupling_control:microwave_door,open_microwave,single,0,false_coupling_control,false_coupling,0,microwave_door,external,0,71,12,0,0,,0.0,0.0,0.0,1.0,0.9999891167328702,external,0
relation:open_microwave:d0:false_coupling_perturbed:microwave_door,open_microwave,single,0,false_coupling_perturbed,false_coupling,1,microwave_door,external,0,71,12,0,1,0,1.0,0.0,1.0,1.0,0.0,linked,1
relation:open_microwave:d1:break_link_control:microwave_door,open_microwave,single,1,break_link_control,break_link,0,microwave_door,linked,2,29,12,0,0,,0.0,0.0,0.0,0.0,0.0,linked,0
relation:open_microwave:d1:break_link_perturbed:microwave_door,open_microwave,single,1,break_link_perturbed,break_link,1,microwave_door,linked,2,29,12,0,1,0,1.0,0.0,1.0,0.0,0.0,external,0
relation:open_microwave:d1:false_coupling_control:microwave_door,open_microwave,single,1,false_coupling_control,false_coupling,0,microwave_door,external,0,77,12,0,0,,0.0,0.0,0.0,1.0,0.9999856305482909,external,0
relation:open_microwave:d1:false_coupling_perturbed:microwave_door,open_microwave,single,1,false_coupling_perturbed,false_coupling,1,microwave_door,external,0,77,12,0,1,0,1.0,0.0,1.0,1.0,0.0,linked,1
relation:open_microwave:d2:break_link_control:microwave_door,open_microwave,single,2,break_link_control,break_link,0,microwave_door,linked,2,28,12,0,0,,0.0,0.0,0.0,0.0,0.0,linked,0
relation:open_microwave:d2:break_link_perturbed:microwave_door,open_microwave,single,2,break_link_perturbed,break_link,1,microwave_door,linked,2,28,12,0,1,0,1.0,0.0,1.0,0.0,0.0,external,0
relation:open_microwave:d2:false_coupling_control:microwave_door,open_microwave,single,2,false_coupling_control,false_coupling,0,microwave_door,external,0,73,12,0,0,,0.0,0.0,0.0,1.0,0.9999780126514984,external,0
relation:open_microwave:d2:false_coupling_perturbed:microwave_door,open_microwave,single,2,false_coupling_perturbed,false_coupling,1,microwave_door,external,0,73,12,0,1,0,1.0,0.0,1.0,1.0,0.0,linked,1
relation:open_microwave:d3:break_link_control:microwave_door,open_microwave,single,3,break_link_control,break_link,0,microwave_door,linked,2,11,12,0,0,,0.0,0.0,0.0,0.0,0.0,linked,0
relation:open_microwave:d3:break_link_perturbed:microwave_door,open_microwave,single,3,break_link_perturbed,break_link,1,microwave_door,linked,2,11,12,0,1,0,1.0,0.0,1.0,0.0,0.0,external,0
relation:open_microwave:d3:false_coupling_control:microwave_door,open_microwave,single,3,false_coupling_control,false_coupling,0,microwave_door,external,0,84,12,0,0,,0.0,0.0,0.0,1.0,0.9999697757860462,external,0
relation:open_microwave:d3:false_coupling_perturbed:microwave_door,open_microwave,single,3,false_coupling_perturbed,false_coupling,1,microwave_door,external,0,84,12,0,1,0,1.0,0.0,1.0,1.0,0.0,linked,1
relation:open_microwave:d4:break_link_control:microwave_door,open_microwave,single,4,break_link_control,break_link,0,microwave_door,linked,2,37,12,0,0,,0.0,0.0,0.0,0.0,0.0,linked,0
relation:open_microwave:d4:break_link_perturbed:microwave_door,open_microwave,single,4,break_link_perturbed,break_link,1,microwave_door,linked,2,37,12,0,1,0,1.0,0.0,1.0,0.0,0.0,external,0
relation:open_microwave:d4:false_coupling_control:microwave_door,open_microwave,single,4,false_coupling_control,false_coupling,0,microwave_door,external,0,70,12,0,0,,0.0,0.0,0.0,1.0,0.9999854826008828,external,0
relation:open_microwave:d4:false_coupling_perturbed:microwave_door,open_microwave,single,4,false_coupling_perturbed,false_coupling,1,microwave_door,external,0,70,12,0,1,0,1.0,0.0,1.0,1.0,0.0,linked,1
relation:wipe_desk:d0:break_link_control:sponge,wipe_desk,single,0,break_link_control,break_link,0,sponge,linked,2,106,12,0,0,,0.0,0.0,0.0,0.0,0.0,linked,0
relation:wipe_desk:d0:break_link_perturbed:sponge,wipe_desk,single,0,break_link_perturbed,break_link,1,sponge,linked,2,106,12,0,1,0,1.0,0.0,1.0,0.0,0.0,external,0
relation:wipe_desk:d0:false_coupling_control:sponge,wipe_desk,single,0,false_coupling_control,false_coupling,0,sponge,external,0,41,12,0,0,,0.0,0.0,0.0,1.0,0.9987500972501975,external,0
relation:wipe_desk:d0:false_coupling_perturbed:sponge,wipe_desk,single,0,false_coupling_perturbed,false_coupling,1,sponge,external,0,41,12,0,1,0,1.0,0.0,1.0,1.0,0.0,linked,1
relation:wipe_desk:d1:break_link_control:sponge,wipe_desk,single,1,break_link_control,break_link,0,sponge,linked,2,128,12,0,0,,0.0,0.0,0.0,0.0,0.0,linked,0
relation:wipe_desk:d1:break_link_perturbed:sponge,wipe_desk,single,1,break_link_perturbed,break_link,1,sponge,linked,2,128,12,0,1,0,1.0,0.0,1.0,0.0,0.0,external,0
relation:wipe_desk:d1:false_coupling_control:sponge,wipe_desk,single,1,false_coupling_control,false_coupling,0,sponge,external,0,35,12,0,0,,0.0,0.0,0.0,1.0,0.9999956172264038,external,0
relation:wipe_desk:d1:false_coupling_perturbed:sponge,wipe_desk,single,1,false_coupling_perturbed,false_coupling,1,sponge,external,0,35,12,0,1,0,1.0,0.0,1.0,1.0,0.0,linked,1
relation:wipe_desk:d2:break_link_control:sponge,wipe_desk,single,2,break_link_control,break_link,0,sponge,linked,2,128,12,0,0,,0.0,0.08333333333333333,0.0,0.0,0.0,linked,0
relation:wipe_desk:d2:break_link_perturbed:sponge,wipe_desk,single,2,break_link_perturbed,break_link,1,sponge,linked,2,128,12,0,1,0,1.0,0.0,1.0,0.0,0.0,external,0
relation:wipe_desk:d2:false_coupling_control:sponge,wipe_desk,single,2,false_coupling_control,false_coupling,0,sponge,external,0,37,12,0,0,,0.0,0.0,0.0,1.0,0.9999956172255658,external,0
relation:wipe_desk:d2:false_coupling_perturbed:sponge,wipe_desk,single,2,false_coupling_perturbed,false_coupling,1,sponge,external,0,37,12,0,1,0,1.0,0.0,1.0,1.0,0.0,linked,1
relation:wipe_desk:d3:break_link_control:sponge,wipe_desk,single,3,break_link_control,break_link,0,sponge,linked,2,126,12,0,0,,0.0,0.0,0.0,0.0,0.0,linked,0
relation:wipe_desk:d3:break_link_perturbed:sponge,wipe_desk,single,3,break_link_perturbed,break_link,1,sponge,linked,2,126,12,0,1,0,1.0,0.0,1.0,0.0,0.0,external,0
relation:wipe_desk:d3:false_coupling_control:sponge,wipe_desk,single,3,false_coupling_control,false_coupling,0,sponge,external,0,38,12,0,0,,0.0,0.0,0.0,1.0,0.9999953459417933,external,0
relation:wipe_desk:d3:false_coupling_perturbed:sponge,wipe_desk,single,3,false_coupling_perturbed,false_coupling,1,sponge,external,0,38,12,0,1,0,1.0,0.0,1.0,1.0,0.0,linked,1
relation:wipe_desk:d4:break_link_control:sponge,wipe_desk,single,4,break_link_control,break_link,0,sponge,linked,2,46,12,0,0,,0.0,0.0,0.0,0.0,0.0,linked,0
relation:wipe_desk:d4:break_link_perturbed:sponge,wipe_desk,single,4,break_link_perturbed,break_link,1,sponge,linked,2,46,12,0,1,0,1.0,0.0,1.0,0.0,0.0,external,0
relation:wipe_desk:d4:false_coupling_control:sponge,wipe_desk,single,4,false_coupling_control,false_coupling,0,sponge,external,0,47,12,0,0,,0.0,0.0,0.0,1.0,0.9999956172265705,external,0
relation:wipe_desk:d4:false_coupling_perturbed:sponge,wipe_desk,single,4,false_coupling_perturbed,false_coupling,1,sponge,external,0,47,12,0,1,0,1.0,0.0,1.0,1.0,0.0,linked,1
relation:bimanual_handover_item/left:d0:break_link_control:item0,bimanual_handover_item,left,0,break_link_control,break_link,0,item0,linked,4,11,12,0,0,,0.0,0.0,0.0,0.0,0.0,linked,0
relation:bimanual_handover_item/left:d0:break_link_perturbed:item0,bimanual_handover_item,left,0,break_link_perturbed,break_link,1,item0,linked,4,11,12,0,1,0,1.0,0.0,1.0,0.0,0.0,external,0
relation:bimanual_handover_item/left:d0:false_coupling_control:item0,bimanual_handover_item,left,0,false_coupling_control,false_coupling,0,item0,external,0,39,12,0,0,,0.0,0.0,0.0,1.0,0.9999956172239628,external,0
relation:bimanual_handover_item/left:d0:false_coupling_perturbed:item0,bimanual_handover_item,left,0,false_coupling_perturbed,false_coupling,1,item0,external,0,39,12,0,1,0,1.0,0.0,1.0,1.0,0.0,linked,1
relation:bimanual_handover_item/left:d1:break_link_control:item0,bimanual_handover_item,left,1,break_link_control,break_link,0,item0,linked,4,10,12,0,0,,0.0,0.0,0.0,0.0,0.0,linked,0
relation:bimanual_handover_item/left:d1:break_link_perturbed:item0,bimanual_handover_item,left,1,break_link_perturbed,break_link,1,item0,linked,4,10,12,0,1,0,1.0,0.0,1.0,0.0,0.0,external,0
relation:bimanual_handover_item/left:d1:false_coupling_control:item0,bimanual_handover_item,left,1,false_coupling_control,false_coupling,0,item0,external,0,55,12,0,0,,0.0,0.0,0.0,1.0,0.9999956172263181,external,0
relation:bimanual_handover_item/left:d1:false_coupling_perturbed:item0,bimanual_handover_item,left,1,false_coupling_perturbed,false_coupling,1,item0,external,0,55,12,0,1,0,1.0,0.0,1.0,1.0,0.0,linked,1
relation:bimanual_handover_item/left:d2:break_link_control:item0,bimanual_handover_item,left,2,break_link_control,break_link,0,item0,linked,3,22,12,0,0,,0.0,0.08333333333333333,0.0,0.0,0.0,linked,0
relation:bimanual_handover_item/left:d2:break_link_perturbed:item0,bimanual_handover_item,left,2,break_link_perturbed,break_link,1,item0,linked,3,22,12,0,1,0,1.0,0.0,1.0,0.0,0.0,external,0
relation:bimanual_handover_item/left:d2:false_coupling_control:item0,bimanual_handover_item,left,2,false_coupling_control,false_coupling,0,item0,external,0,55,12,0,0,,0.0,0.0,0.0,1.0,0.9999956172064065,external,0
relation:bimanual_handover_item/left:d2:false_coupling_perturbed:item0,bimanual_handover_item,left,2,false_coupling_perturbed,false_coupling,1,item0,external,0,55,12,0,1,0,1.0,0.0,1.0,1.0,0.0,linked,1
relation:bimanual_handover_item/left:d3:break_link_control:item0,bimanual_handover_item,left,3,break_link_control,break_link,0,item0,linked,4,11,12,0,0,,0.0,0.08333333333333333,0.0,0.0,0.0,linked,0
relation:bimanual_handover_item/left:d3:break_link_perturbed:item0,bimanual_handover_item,left,3,break_link_perturbed,break_link,1,item0,linked,4,11,12,0,1,0,1.0,0.0,1.0,0.0,0.0,external,0
relation:bimanual_handover_item/left:d3:false_coupling_control:item0,bimanual_handover_item,left,3,false_coupling_control,false_coupling,0,item0,external,0,60,12,0,0,,0.0,0.0,0.0,1.0,0.9999956172244183,external,0
relation:bimanual_handover_item/left:d3:false_coupling_perturbed:item0,bimanual_handover_item,left,3,false_coupling_perturbed,false_coupling,1,item0,external,0,60,12,0,1,0,1.0,0.0,1.0,1.0,0.0,linked,1
relation:bimanual_handover_item/left:d4:break_link_control:item0,bimanual_handover_item,left,4,break_link_control,break_link,0,item0,linked,3,28,12,0,0,,0.0,0.08333333333333333,0.0,0.0,0.0,linked,0
relation:bimanual_handover_item/left:d4:break_link_perturbed:item0,bimanual_handover_item,left,4,break_link_perturbed,break_link,1,item0,linked,3,28,12,0,1,0,1.0,0.0,1.0,0.0,0.0,external,0
relation:bimanual_handover_item/left:d4:false_coupling_control:item0,bimanual_handover_item,left,4,false_coupling_control,false_coupling,0,item0,external,0,49,12,0,0,,0.0,0.0,0.0,1.0,0.9999956172277921,external,0
relation:bimanual_handover_item/left:d4:false_coupling_perturbed:item0,bimanual_handover_item,left,4,false_coupling_perturbed,false_coupling,1,item0,external,0,49,12,0,1,0,1.0,0.0,1.0,1.0,0.0,linked,1
relation:bimanual_lift_tray/left:d0:break_link_control:tray,bimanual_lift_tray,left,0,break_link_control,break_link,0,tray,linked,2,10,12,0,0,,0.0,0.0,0.0,0.0,0.0,linked,0
relation:bimanual_lift_tray/left:d0:break_link_perturbed:tray,bimanual_lift_tray,left,0,break_link_perturbed,break_link,1,tray,linked,2,10,12,0,1,0,1.0,0.0,1.0,0.0,0.0,external,0
relation:bimanual_lift_tray/left:d0:false_coupling_control:tray,bimanual_lift_tray,left,0,false_coupling_control,false_coupling,0,tray,external,0,9,12,0,0,,0.0,0.0,0.0,1.0,0.9999956171404,external,0
relation:bimanual_lift_tray/left:d0:false_coupling_perturbed:tray,bimanual_lift_tray,left,0,false_coupling_perturbed,false_coupling,1,tray,external,0,9,12,0,1,0,1.0,0.0,1.0,1.0,0.0,linked,1
relation:bimanual_lift_tray/left:d1:break_link_control:tray,bimanual_lift_tray,left,1,break_link_control,break_link,0,tray,linked,2,11,12,0,0,,0.0,0.08333333333333333,0.0,0.0,0.0,linked,0
relation:bimanual_lift_tray/left:d1:break_link_perturbed:tray,bimanual_lift_tray,left,1,break_link_perturbed,break_link,1,tray,linked,2,11,12,0,1,0,0.9166666666666666,0.0,0.9166666666666666,0.0,0.0,external,0
relation:bimanual_lift_tray/left:d1:false_coupling_control:tray,bimanual_lift_tray,left,1,false_coupling_control,false_coupling,0,tray,external,0,9,12,0,0,,0.0,0.0,0.0,1.0,0.9999956174260117,external,0
relation:bimanual_lift_tray/left:d1:false_coupling_perturbed:tray,bimanual_lift_tray,left,1,false_coupling_perturbed,false_coupling,1,tray,external,0,9,12,0,1,0,1.0,0.0,1.0,1.0,0.0,linked,1
relation:bimanual_lift_tray/left:d2:break_link_control:tray,bimanual_lift_tray,left,2,break_link_control,break_link,0,tray,linked,2,11,12,0,0,,0.0,0.0,0.0,0.0,0.0,linked,0
relation:bimanual_lift_tray/left:d2:break_link_perturbed:tray,bimanual_lift_tray,left,2,break_link_perturbed,break_link,1,tray,linked,2,11,12,0,1,0,1.0,0.0,1.0,0.0,0.0,external,0
relation:bimanual_lift_tray/left:d2:false_coupling_control:tray,bimanual_lift_tray,left,2,false_coupling_control,false_coupling,0,tray,external,0,9,12,0,0,,0.0,0.0,0.0,1.0,0.999995617252218,external,0
relation:bimanual_lift_tray/left:d2:false_coupling_perturbed:tray,bimanual_lift_tray,left,2,false_coupling_perturbed,false_coupling,1,tray,external,0,9,12,0,1,0,1.0,0.0,1.0,1.0,0.0,linked,1
relation:bimanual_lift_tray/left:d3:break_link_control:tray,bimanual_lift_tray,left,3,break_link_control,break_link,0,tray,linked,2,12,12,0,0,,0.0,0.0,0.0,0.0,0.0,linked,0
relation:bimanual_lift_tray/left:d3:break_link_perturbed:tray,bimanual_lift_tray,left,3,break_link_perturbed,break_link,1,tray,linked,2,12,12,0,1,0,1.0,0.0,1.0,0.0,0.0,external,0
relation:bimanual_lift_tray/left:d3:false_coupling_control:tray,bimanual_lift_tray,left,3,false_coupling_control,false_coupling,0,tray,external,0,9,12,0,0,,0.0,0.0,0.0,1.0,0.9999956171606662,external,0
relation:bimanual_lift_tray/left:d3:false_coupling_perturbed:tray,bimanual_lift_tray,left,3,false_coupling_perturbed,false_coupling,1,tray,external,0,9,12,0,1,0,1.0,0.0,1.0,1.0,0.0,linked,1
relation:bimanual_lift_tray/left:d4:break_link_control:tray,bimanual_lift_tray,left,4,break_link_control,break_link,0,tray,linked,2,9,12,0,0,,0.0,0.0,0.0,0.0,0.0,linked,0
relation:bimanual_lift_tray/left:d4:break_link_perturbed:tray,bimanual_lift_tray,left,4,break_link_perturbed,break_link,1,tray,linked,2,9,12,0,1,0,1.0,0.0,1.0,0.0,0.0,external,0
relation:bimanual_lift_tray/left:d4:false_coupling_control:tray,bimanual_lift_tray,left,4,false_coupling_control,false_coupling,0,tray,external,0,20,12,0,0,,0.0,0.0,0.0,1.0,0.9999956172119729,external,0
relation:bimanual_lift_tray/left:d4:false_coupling_perturbed:tray,bimanual_lift_tray,left,4,false_coupling_perturbed,false_coupling,1,tray,external,0,20,12,0,1,0,1.0,0.0,1.0,1.0,0.0,linked,1
relation:bimanual_lift_tray/right:d0:break_link_control:tray,bimanual_lift_tray,right,0,break_link_control,break_link,0,tray,linked,2,12,12,0,0,,0.0,0.0,0.0,0.0,0.0,linked,0
relation:bimanual_lift_tray/right:d0:break_link_perturbed:tray,bimanual_lift_tray,right,0,break_link_perturbed,break_link,1,tray,linked,2,12,12,0,1,0,1.0,0.0,1.0,0.0,0.0,external,0
relation:bimanual_lift_tray/right:d0:false_coupling_control:tray,bimanual_lift_tray,right,0,false_coupling_control,false_coupling,0,tray,external,0,9,12,0,0,,0.0,0.0,0.0,1.0,0.9999956173247025,external,0
relation:bimanual_lift_tray/right:d0:false_coupling_perturbed:tray,bimanual_lift_tray,right,0,false_coupling_perturbed,false_coupling,1,tray,external,0,9,12,0,1,0,1.0,0.0,1.0,1.0,0.0,linked,1
relation:bimanual_lift_tray/right:d1:break_link_control:tray,bimanual_lift_tray,right,1,break_link_control,break_link,0,tray,linked,2,12,12,0,0,,0.0,0.0,0.0,0.0,0.0,linked,0
relation:bimanual_lift_tray/right:d1:break_link_perturbed:tray,bimanual_lift_tray,right,1,break_link_perturbed,break_link,1,tray,linked,2,12,12,0,1,0,1.0,0.0,1.0,0.0,0.0,external,0
relation:bimanual_lift_tray/right:d1:false_coupling_control:tray,bimanual_lift_tray,right,1,false_coupling_control,false_coupling,0,tray,external,0,9,12,0,0,,0.0,0.0,0.0,1.0,0.9999956170322024,external,0
relation:bimanual_lift_tray/right:d1:false_coupling_perturbed:tray,bimanual_lift_tray,right,1,false_coupling_perturbed,false_coupling,1,tray,external,0,9,12,0,1,0,1.0,0.0,1.0,1.0,0.0,linked,1
relation:bimanual_lift_tray/right:d2:break_link_control:tray,bimanual_lift_tray,right,2,break_link_control,break_link,0,tray,linked,2,15,12,0,0,,0.0,0.0,0.0,0.0,0.0,linked,0
relation:bimanual_lift_tray/right:d2:break_link_perturbed:tray,bimanual_lift_tray,right,2,break_link_perturbed,break_link,1,tray,linked,2,15,12,0,1,0,1.0,0.0,1.0,0.0,0.0,external,0
relation:bimanual_lift_tray/right:d2:false_coupling_control:tray,bimanual_lift_tray,right,2,false_coupling_control,false_coupling,0,tray,external,0,9,12,0,0,,0.0,0.0,0.0,1.0,0.9999956172583495,external,0
relation:bimanual_lift_tray/right:d2:false_coupling_perturbed:tray,bimanual_lift_tray,right,2,false_coupling_perturbed,false_coupling,1,tray,external,0,9,12,0,1,0,1.0,0.0,1.0,1.0,0.0,linked,1
relation:bimanual_lift_tray/right:d3:break_link_control:tray,bimanual_lift_tray,right,3,break_link_control,break_link,0,tray,linked,2,14,12,0,0,,0.0,0.0,0.0,0.0,0.0,linked,0
relation:bimanual_lift_tray/right:d3:break_link_perturbed:tray,bimanual_lift_tray,right,3,break_link_perturbed,break_link,1,tray,linked,2,14,12,0,1,0,1.0,0.0,1.0,0.0,0.0,external,0
relation:bimanual_lift_tray/right:d3:false_coupling_control:tray,bimanual_lift_tray,right,3,false_coupling_control,false_coupling,0,tray,external,0,9,12,0,0,,0.0,0.0,0.0,1.0,0.9999956173176794,external,0
relation:bimanual_lift_tray/right:d3:false_coupling_perturbed:tray,bimanual_lift_tray,right,3,false_coupling_perturbed,false_coupling,1,tray,external,0,9,12,0,1,0,1.0,0.0,1.0,1.0,0.0,linked,1
relation:bimanual_lift_tray/right:d4:break_link_control:tray,bimanual_lift_tray,right,4,break_link_control,break_link,0,tray,linked,2,18,12,0,0,,0.0,0.0,0.4166666666666667,0.0,0.0,linked,0
relation:bimanual_lift_tray/right:d4:break_link_perturbed:tray,bimanual_lift_tray,right,4,break_link_perturbed,break_link,1,tray,linked,2,18,12,0,1,0,1.0,0.0,1.0,0.0,0.0,external,0
relation:bimanual_lift_tray/right:d4:false_coupling_control:tray,bimanual_lift_tray,right,4,false_coupling_control,false_coupling,0,tray,external,0,9,12,0,0,,0.0,0.0,0.0,1.0,0.9999956169818812,external,0
relation:bimanual_lift_tray/right:d4:false_coupling_perturbed:tray,bimanual_lift_tray,right,4,false_coupling_perturbed,false_coupling,1,tray,external,0,9,12,0,1,0,1.0,0.0,1.0,1.0,0.0,linked,1
relation:bimanual_put_bottle_in_fridge/left:d0:break_link_control:bottle,bimanual_put_bottle_in_fridge,left,0,break_link_control,break_link,0,bottle,linked,1,104,12,0,0,,0.0,0.0,0.0,0.0,0.0,linked,0
relation:bimanual_put_bottle_in_fridge/left:d0:break_link_perturbed:bottle,bimanual_put_bottle_in_fridge,left,0,break_link_perturbed,break_link,1,bottle,linked,1,104,12,0,1,0,1.0,0.0,1.0,0.0,0.0,external,0
relation:bimanual_put_bottle_in_fridge/left:d0:false_coupling_control:bottle,bimanual_put_bottle_in_fridge,left,0,false_coupling_control,false_coupling,0,bottle,external,0,77,12,0,0,,0.0,0.0,0.0,1.0,0.9975045772424358,external,0
relation:bimanual_put_bottle_in_fridge/left:d0:false_coupling_perturbed:bottle,bimanual_put_bottle_in_fridge,left,0,false_coupling_perturbed,false_coupling,1,bottle,external,0,77,12,0,1,0,1.0,0.0,1.0,1.0,0.0,linked,1
relation:bimanual_put_bottle_in_fridge/left:d1:break_link_control:bottle,bimanual_put_bottle_in_fridge,left,1,break_link_control,break_link,0,bottle,linked,1,101,12,0,0,,0.0,0.08333333333333333,0.0,0.0,0.0,linked,0
relation:bimanual_put_bottle_in_fridge/left:d1:break_link_perturbed:bottle,bimanual_put_bottle_in_fridge,left,1,break_link_perturbed,break_link,1,bottle,linked,1,101,12,0,1,0,1.0,0.0,1.0,0.0,0.0,external,0
relation:bimanual_put_bottle_in_fridge/left:d1:false_coupling_control:bottle,bimanual_put_bottle_in_fridge,left,1,false_coupling_control,false_coupling,0,bottle,external,0,30,12,0,0,,0.0,0.0,0.0,1.0,0.999994775299411,external,0
relation:bimanual_put_bottle_in_fridge/left:d1:false_coupling_perturbed:bottle,bimanual_put_bottle_in_fridge,left,1,false_coupling_perturbed,false_coupling,1,bottle,external,0,30,12,0,1,0,1.0,0.0,1.0,1.0,0.0,linked,1
relation:bimanual_put_bottle_in_fridge/left:d2:break_link_control:bottle,bimanual_put_bottle_in_fridge,left,2,break_link_control,break_link,0,bottle,linked,1,92,12,0,0,,0.0,0.0,0.0,0.0,0.0,linked,0
relation:bimanual_put_bottle_in_fridge/left:d2:break_link_perturbed:bottle,bimanual_put_bottle_in_fridge,left,2,break_link_perturbed,break_link,1,bottle,linked,1,92,12,0,1,0,1.0,0.0,1.0,0.0,0.0,external,0
relation:bimanual_put_bottle_in_fridge/left:d2:false_coupling_control:bottle,bimanual_put_bottle_in_fridge,left,2,false_coupling_control,false_coupling,0,bottle,external,0,50,12,0,0,,0.0,0.0,0.0,1.0,0.9999819573794618,external,0
relation:bimanual_put_bottle_in_fridge/left:d2:false_coupling_perturbed:bottle,bimanual_put_bottle_in_fridge,left,2,false_coupling_perturbed,false_coupling,1,bottle,external,0,50,12,0,1,0,1.0,0.0,1.0,1.0,0.0,linked,1
relation:bimanual_put_bottle_in_fridge/left:d3:break_link_control:bottle,bimanual_put_bottle_in_fridge,left,3,break_link_control,break_link,0,bottle,linked,1,100,12,0,0,,0.0,0.0,0.0,0.0,0.0,linked,0
relation:bimanual_put_bottle_in_fridge/left:d3:break_link_perturbed:bottle,bimanual_put_bottle_in_fridge,left,3,break_link_perturbed,break_link,1,bottle,linked,1,100,12,0,1,0,1.0,0.0,1.0,0.0,0.0,external,0
relation:bimanual_put_bottle_in_fridge/left:d3:false_coupling_control:bottle,bimanual_put_bottle_in_fridge,left,3,false_coupling_control,false_coupling,0,bottle,external,0,45,12,0,0,,0.0,0.0,0.0,1.0,0.999987723108354,external,0
relation:bimanual_put_bottle_in_fridge/left:d3:false_coupling_perturbed:bottle,bimanual_put_bottle_in_fridge,left,3,false_coupling_perturbed,false_coupling,1,bottle,external,0,45,12,0,1,0,1.0,0.0,1.0,1.0,0.0,linked,1
relation:bimanual_put_bottle_in_fridge/left:d4:break_link_control:bottle,bimanual_put_bottle_in_fridge,left,4,break_link_control,break_link,0,bottle,linked,1,56,12,0,0,,0.0,0.0,0.0,0.0,0.0,linked,0
relation:bimanual_put_bottle_in_fridge/left:d4:break_link_perturbed:bottle,bimanual_put_bottle_in_fridge,left,4,break_link_perturbed,break_link,1,bottle,linked,1,56,12,0,1,0,1.0,0.0,1.0,0.0,0.0,external,0
relation:bimanual_put_bottle_in_fridge/left:d4:false_coupling_control:bottle,bimanual_put_bottle_in_fridge,left,4,false_coupling_control,false_coupling,0,bottle,external,0,9,12,0,0,,0.0,0.0,0.0,1.0,0.997504306239895,external,0
relation:bimanual_put_bottle_in_fridge/left:d4:false_coupling_perturbed:bottle,bimanual_put_bottle_in_fridge,left,4,false_coupling_perturbed,false_coupling,1,bottle,external,0,9,12,0,1,0,1.0,0.0,1.0,1.0,0.0,linked,1
relation:bimanual_sweep_to_dustpan/left:d0:break_link_control:broom,bimanual_sweep_to_dustpan,left,0,break_link_control,break_link,0,broom,linked,4,11,12,0,0,,0.0,0.0,0.0,0.0,0.0,linked,0
relation:bimanual_sweep_to_dustpan/left:d0:break_link_perturbed:broom,bimanual_sweep_to_dustpan,left,0,break_link_perturbed,break_link,1,broom,linked,4,11,12,0,1,0,1.0,0.0,1.0,0.0,0.0,external,0
relation:bimanual_sweep_to_dustpan/left:d0:false_coupling_control:dustpan,bimanual_sweep_to_dustpan,left,0,false_coupling_control,false_coupling,0,dustpan,external,0,32,12,0,0,,0.0,0.0,0.0,1.0,0.9999954268151457,external,0
relation:bimanual_sweep_to_dustpan/left:d0:false_coupling_perturbed:dustpan,bimanual_sweep_to_dustpan,left,0,false_coupling_perturbed,false_coupling,1,dustpan,external,0,32,12,0,1,0,1.0,0.0,1.0,1.0,0.0,linked,1
relation:bimanual_sweep_to_dustpan/left:d1:break_link_control:broom,bimanual_sweep_to_dustpan,left,1,break_link_control,break_link,0,broom,linked,4,16,12,0,0,,0.0,0.0,0.0,0.0,0.0,linked,0
relation:bimanual_sweep_to_dustpan/left:d1:break_link_perturbed:broom,bimanual_sweep_to_dustpan,left,1,break_link_perturbed,break_link,1,broom,linked,4,16,12,0,1,0,1.0,0.0,1.0,0.0,0.0,external,0
relation:bimanual_sweep_to_dustpan/left:d1:false_coupling_control:dustpan,bimanual_sweep_to_dustpan,left,1,false_coupling_control,false_coupling,0,dustpan,external,0,47,12,0,0,,0.0,0.0,0.0,1.0,0.9999946868072856,external,0
relation:bimanual_sweep_to_dustpan/left:d1:false_coupling_perturbed:dustpan,bimanual_sweep_to_dustpan,left,1,false_coupling_perturbed,false_coupling,1,dustpan,external,0,47,12,0,1,0,1.0,0.0,1.0,1.0,0.0,linked,1
relation:bimanual_sweep_to_dustpan/left:d2:break_link_control:broom,bimanual_sweep_to_dustpan,left,2,break_link_control,break_link,0,broom,linked,4,11,12,0,0,,0.0,0.0,0.0,0.0,0.0,linked,0
relation:bimanual_sweep_to_dustpan/left:d2:break_link_perturbed:broom,bimanual_sweep_to_dustpan,left,2,break_link_perturbed,break_link,1,broom,linked,4,11,12,0,1,0,1.0,0.0,1.0,0.0,0.0,external,0
relation:bimanual_sweep_to_dustpan/left:d2:false_coupling_control:dustpan,bimanual_sweep_to_dustpan,left,2,false_coupling_control,false_coupling,0,dustpan,external,0,32,12,0,0,,0.0,0.0,0.0,1.0,0.9999956172207427,external,0
relation:bimanual_sweep_to_dustpan/left:d2:false_coupling_perturbed:dustpan,bimanual_sweep_to_dustpan,left,2,false_coupling_perturbed,false_coupling,1,dustpan,external,0,32,12,0,1,0,1.0,0.0,1.0,1.0,0.0,linked,1
relation:bimanual_sweep_to_dustpan/left:d3:break_link_control:broom,bimanual_sweep_to_dustpan,left,3,break_link_control,break_link,0,broom,linked,4,11,12,0,0,,0.0,0.0,0.0,0.0,0.0,linked,0
relation:bimanual_sweep_to_dustpan/left:d3:break_link_perturbed:broom,bimanual_sweep_to_dustpan,left,3,break_link_perturbed,break_link,1,broom,linked,4,11,12,0,1,0,1.0,0.0,1.0,0.0,0.0,external,0
relation:bimanual_sweep_to_dustpan/left:d3:false_coupling_control:dustpan,bimanual_sweep_to_dustpan,left,3,false_coupling_control,false_coupling,0,dustpan,external,0,32,12,0,0,,0.0,0.0,0.0,1.0,0.9999955457292943,external,0
relation:bimanual_sweep_to_dustpan/left:d3:false_coupling_perturbed:dustpan,bimanual_sweep_to_dustpan,left,3,false_coupling_perturbed,false_coupling,1,dustpan,external,0,32,12,0,1,0,1.0,0.0,1.0,1.0,0.0,linked,1
relation:bimanual_sweep_to_dustpan/left:d4:break_link_control:broom,bimanual_sweep_to_dustpan,left,4,break_link_control,break_link,0,broom,linked,4,11,12,0,0,,0.0,0.0,0.0,0.0,0.0,linked,0
relation:bimanual_sweep_to_dustpan/left:d4:break_link_perturbed:broom,bimanual_sweep_to_dustpan,left,4,break_link_perturbed,break_link,1,broom,linked,4,11,12,0,1,0,1.0,0.0,1.0,0.0,0.0,external,0
relation:bimanual_sweep_to_dustpan/left:d4:false_coupling_control:dustpan,bimanual_sweep_to_dustpan,left,4,false_coupling_control,false_coupling,0,dustpan,external,0,32,12,0,0,,0.0,0.0,0.0,1.0,0.9999953069508485,external,0
relation:bimanual_sweep_to_dustpan/left:d4:false_coupling_perturbed:dustpan,bimanual_sweep_to_dustpan,left,4,false_coupling_perturbed,false_coupling,1,dustpan,external,0,32,12,0,1,0,1.0,0.0,1.0,1.0,0.0,linked,1
relation:bimanual_sweep_to_dustpan/right:d0:false_coupling_control:dustpan,bimanual_sweep_to_dustpan,right,0,false_coupling_control,false_coupling,0,dustpan,external,0,9,12,0,0,,0.0,0.0,0.0,1.0,0.999995617226285,external,0
relation:bimanual_sweep_to_dustpan/right:d0:false_coupling_perturbed:dustpan,bimanual_sweep_to_dustpan,right,0,false_coupling_perturbed,false_coupling,1,dustpan,external,0,9,12,0,1,0,1.0,0.0,1.0,1.0,0.0,linked,1
relation:bimanual_sweep_to_dustpan/right:d1:false_coupling_control:dustpan,bimanual_sweep_to_dustpan,right,1,false_coupling_control,false_coupling,0,dustpan,external,0,10,12,0,0,,0.0,0.0,0.0,1.0,0.999995617226285,external,0
relation:bimanual_sweep_to_dustpan/right:d1:false_coupling_perturbed:dustpan,bimanual_sweep_to_dustpan,right,1,false_coupling_perturbed,false_coupling,1,dustpan,external,0,10,12,0,1,0,1.0,0.0,1.0,1.0,0.0,linked,1
relation:bimanual_sweep_to_dustpan/right:d2:false_coupling_control:dustpan,bimanual_sweep_to_dustpan,right,2,false_coupling_control,false_coupling,0,dustpan,external,0,9,12,0,0,,0.0,0.0,0.0,1.0,0.999995617226285,external,0
relation:bimanual_sweep_to_dustpan/right:d2:false_coupling_perturbed:dustpan,bimanual_sweep_to_dustpan,right,2,false_coupling_perturbed,false_coupling,1,dustpan,external,0,9,12,0,1,0,1.0,0.0,1.0,1.0,0.0,linked,1
relation:bimanual_sweep_to_dustpan/right:d3:false_coupling_control:dustpan,bimanual_sweep_to_dustpan,right,3,false_coupling_control,false_coupling,0,dustpan,external,0,9,12,0,0,,0.0,0.0,0.0,1.0,0.999995617226285,external,0
relation:bimanual_sweep_to_dustpan/right:d3:false_coupling_perturbed:dustpan,bimanual_sweep_to_dustpan,right,3,false_coupling_perturbed,false_coupling,1,dustpan,external,0,9,12,0,1,0,1.0,0.0,1.0,1.0,0.0,linked,1
relation:bimanual_sweep_to_dustpan/right:d4:false_coupling_control:dustpan,bimanual_sweep_to_dustpan,right,4,false_coupling_control,false_coupling,0,dustpan,external,0,9,12,0,0,,0.0,0.0,0.0,1.0,0.999995617226285,external,0
relation:bimanual_sweep_to_dustpan/right:d4:false_coupling_perturbed:dustpan,bimanual_sweep_to_dustpan,right,4,false_coupling_perturbed,false_coupling,1,dustpan,external,0,9,12,0,1,0,1.0,0.0,1.0,1.0,0.0,linked,1
