trial_id,task,arm,event,demonstration,skill,direction,candidate_count,source_state,truth_state,selected_state,baseline_state_error,reference_state_error,reference_selected,reference_exact,proposed_state_error,proposed_selected,proposed_exact,proposed_wins,atomic_commit_correct,truth_robot_compatibility,truth_scene_compatibility,truth_relation_compatibility,truth_explanation_score,truth_rejection_reasons,reference_truth_rejection_reasons
reentry:stack_wine:single:wine_bottle:k2:m0:link:0:d0:k2:forward_clock_lag,stack_wine,single,single:wine_bottle:k2:m0:link:0,0,2,forward_clock_lag,57,k2:t2,k2:t58,k2:t58,56,0,1,1,0,1,1,1,1,0.05522980678011628,1.0,0.6799999999999999,0.05365181230068439,,
reentry:stack_wine:single:wine_bottle:k2:m0:link:0:d0:k2:backward_recovery,stack_wine,single,single:wine_bottle:k2:m0:link:0,0,2,backward_recovery,57,k2:t58,k2:t2,k2:t2,56,0,1,1,0,1,1,1,1,0.890427279760762,1.0,0.6799999999999999,0.8649865003390259,,
reentry:stack_wine:single:wine_bottle:k2:m0:link:0:d0:k3:forward_clock_lag,stack_wine,single,single:wine_bottle:k2:m0:link:0,0,3,forward_clock_lag,39,k3:t0,k3:t38,k3:t38,38,0,1,1,0,1,1,1,1,0.10410567160716781,1.0,0.6799999999999999,0.10113122384696302,,
reentry:stack_wine:single:wine_bottle:k2:m0:link:0:d0:k3:backward_recovery,stack_wine,single,single:wine_bottle:k2:m0:link:0,0,3,backward_recovery,39,k3:t38,k3:t0,k3:t0,38,0,1,1,0,1,1,1,1,0.24644638815748798,1.0,0.6799999999999999,0.23940506278155976,,
reentry:stack_wine:single:wine_bottle:k2:m0:link:0:d1:k2:forward_clock_lag,stack_wine,single,single:wine_bottle:k2:m0:link:0,1,2,forward_clock_lag,57,k2:t2,k2:t58,k2:t58,56,0,1,1,0,1,1,1,1,0.03614190524447785,1.0,0.6799999999999999,0.03510927938034991,,
reentry:stack_wine:single:wine_bottle:k2:m0:link:0:d1:k2:backward_recovery,stack_wine,single,single:wine_bottle:k2:m0:link:0,1,2,backward_recovery,57,k2:t58,k2:t2,k2:t2,56,0,1,1,0,1,1,1,1,0.9790025540442849,1.0,0.6799999999999999,0.9510310525001625,,
reentry:stack_wine:single:wine_bottle:k2:m0:link:0:d1:k3:forward_clock_lag,stack_wine,single,single:wine_bottle:k2:m0:link:0,1,3,forward_clock_lag,39,k3:t0,k3:t38,k3:t38,38,0,1,1,0,1,1,1,1,0.4659707542958223,1.0,0.6799999999999999,0.45265730417308453,,
reentry:stack_wine:single:wine_bottle:k2:m0:link:0:d1:k3:backward_recovery,stack_wine,single,single:wine_bottle:k2:m0:link:0,1,3,backward_recovery,39,k3:t38,k3:t0,k3:t0,38,0,1,1,0,1,1,1,1,0.1806694201097423,1.0,0.6799999999999999,0.17550743667803537,,
reentry:stack_wine:single:wine_bottle:k2:m0:link:0:d2:k2:forward_clock_lag,stack_wine,single,single:wine_bottle:k2:m0:link:0,2,2,forward_clock_lag,57,k2:t2,k2:t58,k2:t58,56,0,1,1,0,1,1,1,1,0.30929546250253576,1.0,0.6799999999999999,0.3004584492881776,,
reentry:stack_wine:single:wine_bottle:k2:m0:link:0:d2:k2:backward_recovery,stack_wine,single,single:wine_bottle:k2:m0:link:0,2,2,backward_recovery,57,k2:t58,k2:t2,k2:t2,56,0,1,1,0,1,1,1,1,0.9080354683299187,1.0,0.6799999999999999,0.8820915978062067,,
reentry:stack_wine:single:wine_bottle:k2:m0:link:0:d2:k3:forward_clock_lag,stack_wine,single,single:wine_bottle:k2:m0:link:0,2,3,forward_clock_lag,39,k3:t0,k3:t38,k3:t38,38,0,1,1,0,1,1,1,1,0.6214560567785227,1.0,0.6799999999999999,0.6037001694419935,,
reentry:stack_wine:single:wine_bottle:k2:m0:link:0:d2:k3:backward_recovery,stack_wine,single,single:wine_bottle:k2:m0:link:0,2,3,backward_recovery,39,k3:t38,k3:t0,k3:t0,38,0,1,1,0,1,1,1,1,0.5264593342671317,1.0,0.6799999999999999,0.5114176390023565,,
reentry:stack_wine:single:wine_bottle:k2:m0:link:0:d3:k2:forward_clock_lag,stack_wine,single,single:wine_bottle:k2:m0:link:0,3,2,forward_clock_lag,57,k2:t2,k2:t58,k2:t57,56,1,1,0,1,1,0,1,1,0.2802377710720378,1.0,0.6799999999999999,0.2722309776128367,,
reentry:stack_wine:single:wine_bottle:k2:m0:link:0:d3:k2:backward_recovery,stack_wine,single,single:wine_bottle:k2:m0:link:0,3,2,backward_recovery,57,k2:t58,k2:t2,k2:t2,56,0,1,1,0,1,1,1,1,0.9661786393033767,1.0,0.6799999999999999,0.9385735353232801,,
reentry:stack_wine:single:wine_bottle:k2:m0:link:0:d3:k3:forward_clock_lag,stack_wine,single,single:wine_bottle:k2:m0:link:0,3,3,forward_clock_lag,39,k3:t0,k3:t38,k3:t37,38,1,1,0,1,1,0,1,1,0.6185816062615161,1.0,0.6799999999999999,0.6009078460826157,,
reentry:stack_wine:single:wine_bottle:k2:m0:link:0:d3:k3:backward_recovery,stack_wine,single,single:wine_bottle:k2:m0:link:0,3,3,backward_recovery,39,k3:t38,k3:t0,k3:t0,38,0,1,1,0,1,1,1,1,0.5160014014288745,1.0,0.6799999999999999,0.5012585042451924,,
reentry:stack_wine:single:wine_bottle:k2:m0:link:0:d4:k2:forward_clock_lag,stack_wine,single,single:wine_bottle:k2:m0:link:0,4,2,forward_clock_lag,57,k2:t2,k2:t58,k2:t58,56,0,1,1,0,1,1,1,1,0.04958788898333821,1.0,0.6799999999999999,0.04817109215524284,,
reentry:stack_wine:single:wine_bottle:k2:m0:link:0:d4:k2:backward_recovery,stack_wine,single,single:wine_bottle:k2:m0:link:0,4,2,backward_recovery,57,k2:t58,k2:t2,k2:t2,56,0,1,1,0,1,1,1,1,0.983869045847946,1.0,0.6799999999999999,0.9557585016808618,,
reentry:stack_wine:single:wine_bottle:k2:m0:link:0:d4:k3:forward_clock_lag,stack_wine,single,single:wine_bottle:k2:m0:link:0,4,3,forward_clock_lag,39,k3:t0,k3:t38,k3:t38,38,0,1,1,0,1,1,1,1,0.08789532829721781,1.0,0.6799999999999999,0.08538403320301159,,
reentry:stack_wine:single:wine_bottle:k2:m0:link:0:d4:k3:backward_recovery,stack_wine,single,single:wine_bottle:k2:m0:link:0,4,3,backward_recovery,39,k3:t38,k3:t0,k3:t0,38,0,1,1,0,1,1,1,1,0.24206149923188833,1.0,0.6799999999999999,0.23514545639669152,,
reentry:place_cups:single:mug0:k2:m0:link:0:d0:k2:forward_clock_lag,place_cups,single,single:mug0:k2:m0:link:0,0,2,forward_clock_lag,13,k2:t2,k2:t14,k2:t13,12,1,1,0,1,1,0,1,1,0.25861435902772173,1.0,0.6799999999999999,0.2512253773412154,,
reentry:place_cups:single:mug0:k2:m0:link:0:d0:k2:backward_recovery,place_cups,single,single:mug0:k2:m0:link:0,0,2,backward_recovery,13,k2:t14,k2:t2,k2:t2,12,0,1,1,0,1,1,1,1,0.9268190756251028,1.0,0.6799999999999999,0.9003385306072427,,
reentry:place_cups:single:mug0:k2:m0:link:0:d0:k3:forward_clock_lag,place_cups,single,single:mug0:k2:m0:link:0,0,3,forward_clock_lag,70,k3:t0,k3:t69,k3:t69,69,0,1,1,0,1,1,1,1,0.5988521826793952,1.0,0.6799999999999999,0.5817421203171268,,
reentry:place_cups:single:mug0:k2:m0:link:0:d0:k3:backward_recovery,place_cups,single,single:mug0:k2:m0:link:0,0,3,backward_recovery,70,k3:t69,k3:t0,k3:t0,69,0,1,1,0,1,1,1,1,0.3806013975672031,1.0,0.6799999999999999,0.3697270719224259,,
reentry:place_cups:single:mug0:k2:m0:link:0:d0:k4:forward_clock_lag,place_cups,single,single:mug0:k2:m0:link:0,0,4,forward_clock_lag,25,k4:t0,k4:t24,k4:t23,24,1,1,0,1,1,0,1,1,0.6862421868770477,1.0,0.6799999999999999,0.6666352672519892,,
reentry:place_cups:single:mug0:k2:m0:link:0:d0:k4:backward_recovery,place_cups,single,single:mug0:k2:m0:link:0,0,4,backward_recovery,25,k4:t24,k4:t0,k4:t0,24,0,1,1,0,1,1,1,1,1.0,1.0,0.6799999999999999,0.9714285714285714,,
reentry:place_cups:single:mug0:k2:m0:link:0:d1:k2:forward_clock_lag,place_cups,single,single:mug0:k2:m0:link:0,1,2,forward_clock_lag,13,k2:t2,k2:t14,k2:t13,12,1,1,0,1,1,0,1,1,0.4785314658914274,1.0,0.6799999999999999,0.4648591382945295,,
reentry:place_cups:single:mug0:k2:m0:link:0:d1:k2:backward_recovery,place_cups,single,single:mug0:k2:m0:link:0,1,2,backward_recovery,13,k2:t14,k2:t2,k2:t2,12,0,1,1,0,1,1,1,1,0.2566159958308739,1.0,0.6799999999999999,0.24928411023570607,,
reentry:place_cups:single:mug0:k2:m0:link:0:d1:k3:forward_clock_lag,place_cups,single,single:mug0:k2:m0:link:0,1,3,forward_clock_lag,70,k3:t0,k3:t69,k3:t69,69,0,1,1,0,1,1,1,1,0.4365922567422559,1.0,0.6799999999999999,0.4241181922639057,,
reentry:place_cups:single:mug0:k2:m0:link:0:d1:k3:backward_recovery,place_cups,single,single:mug0:k2:m0:link:0,1,3,backward_recovery,70,k3:t69,k3:t0,k3:t0,69,0,1,1,0,1,1,1,1,0.07384135920822518,1.0,0.6799999999999999,0.07173160608799017,,
reentry:place_cups:single:mug0:k2:m0:link:0:d1:k4:forward_clock_lag,place_cups,single,single:mug0:k2:m0:link:0,1,4,forward_clock_lag,25,k4:t0,k4:t24,k4:t23,24,1,1,0,1,1,0,1,1,0.41234571934471637,1.0,0.6799999999999999,0.40056441307772445,,
reentry:place_cups:single:mug0:k2:m0:link:0:d1:k4:backward_recovery,place_cups,single,single:mug0:k2:m0:link:0,1,4,backward_recovery,25,k4:t24,k4:t0,k4:t0,24,0,1,1,0,1,1,1,1,1.0,1.0,0.6799999999999999,0.9714285714285714,,
reentry:place_cups:single:mug0:k2:m0:link:0:d2:k2:forward_clock_lag,place_cups,single,single:mug0:k2:m0:link:0,2,2,forward_clock_lag,13,k2:t2,k2:t14,k2:t14,12,0,1,1,0,1,1,1,1,0.6832265147901688,1.0,0.6799999999999999,0.6637057572247355,,
reentry:place_cups:single:mug0:k2:m0:link:0:d2:k2:backward_recovery,place_cups,single,single:mug0:k2:m0:link:0,2,2,backward_recovery,13,k2:t14,k2:t2,k2:t2,12,0,1,1,0,1,1,1,1,0.783076080464222,1.0,0.6799999999999999,0.7607024781652442,,
reentry:place_cups:single:mug0:k2:m0:link:0:d2:k3:forward_clock_lag,place_cups,single,single:mug0:k2:m0:link:0,2,3,forward_clock_lag,70,k3:t0,k3:t69,k3:t68,69,1,1,0,1,1,0,1,1,0.3614656856762315,1.0,0.6799999999999999,0.3511380946569106,,
reentry:place_cups:single:mug0:k2:m0:link:0:d2:k3:backward_recovery,place_cups,single,single:mug0:k2:m0:link:0,2,3,backward_recovery,70,k3:t69,k3:t0,k3:t1,69,1,1,0,1,1,0,1,1,0.08265049870755091,1.0,0.6799999999999999,0.08028905588733516,,
reentry:place_cups:single:mug0:k2:m0:link:0:d2:k4:forward_clock_lag,place_cups,single,single:mug0:k2:m0:link:0,2,4,forward_clock_lag,25,k4:t0,k4:t24,k4:t24,24,0,1,1,0,1,1,1,1,0.35660901977546355,1.0,0.6799999999999999,0.34642019063902174,,
reentry:place_cups:single:mug0:k2:m0:link:0:d2:k4:backward_recovery,place_cups,single,single:mug0:k2:m0:link:0,2,4,backward_recovery,25,k4:t24,k4:t0,k4:t0,24,0,1,1,0,1,1,1,1,1.0,1.0,0.6799999999999999,0.9714285714285714,,
reentry:place_cups:single:mug0:k2:m0:link:0:d3:k2:forward_clock_lag,place_cups,single,single:mug0:k2:m0:link:0,3,2,forward_clock_lag,13,k2:t2,k2:t14,k2:t14,12,0,1,1,0,1,1,1,1,0.2183538688437287,1.0,0.6799999999999999,0.21211518687676503,,
reentry:place_cups:single:mug0:k2:m0:link:0:d3:k2:backward_recovery,place_cups,single,single:mug0:k2:m0:link:0,3,2,backward_recovery,13,k2:t14,k2:t2,k2:t2,12,0,1,1,0,1,1,1,1,0.4698376101448683,1.0,0.6799999999999999,0.4564136784264435,,
reentry:place_cups:single:mug0:k2:m0:link:0:d3:k3:forward_clock_lag,place_cups,single,single:mug0:k2:m0:link:0,3,3,forward_clock_lag,70,k3:t0,k3:t69,k3:t68,69,1,1,0,1,1,0,1,1,0.6603271931859214,1.0,0.6799999999999999,0.6414607019520379,,
reentry:place_cups:single:mug0:k2:m0:link:0:d3:k3:backward_recovery,place_cups,single,single:mug0:k2:m0:link:0,3,3,backward_recovery,70,k3:t69,k3:t0,k3:t1,69,1,1,0,1,1,0,1,1,0.23803570797147944,1.0,0.6799999999999999,0.23123468774372288,,
reentry:place_cups:single:mug0:k2:m0:link:0:d3:k4:forward_clock_lag,place_cups,single,single:mug0:k2:m0:link:0,3,4,forward_clock_lag,25,k4:t0,k4:t24,k4:t24,24,0,1,1,0,1,1,1,1,0.7766103857509142,1.0,0.6799999999999999,0.7544215175866024,,
reentry:place_cups:single:mug0:k2:m0:link:0:d3:k4:backward_recovery,place_cups,single,single:mug0:k2:m0:link:0,3,4,backward_recovery,25,k4:t24,k4:t0,k4:t0,24,0,1,1,0,1,1,1,1,1.0,1.0,0.6799999999999999,0.9714285714285714,,
reentry:place_cups:single:mug0:k2:m0:link:0:d4:k2:forward_clock_lag,place_cups,single,single:mug0:k2:m0:link:0,4,2,forward_clock_lag,13,k2:t2,k2:t14,k2:t13,12,1,1,0,1,1,0,1,1,0.6181748508318745,1.0,0.6799999999999999,0.6005127122366781,,
reentry:place_cups:single:mug0:k2:m0:link:0:d4:k2:backward_recovery,place_cups,single,single:mug0:k2:m0:link:0,4,2,backward_recovery,13,k2:t14,k2:t2,k2:t2,12,0,1,1,0,1,1,1,1,0.8391511274232615,1.0,0.6799999999999999,0.815175380925454,,
reentry:place_cups:single:mug0:k2:m0:link:0:d4:k3:forward_clock_lag,place_cups,single,single:mug0:k2:m0:link:0,4,3,forward_clock_lag,70,k3:t0,k3:t69,k3:t69,69,0,1,1,0,1,1,1,1,0.7938388452858829,1.0,0.6799999999999999,0.771157735420572,,
reentry:place_cups:single:mug0:k2:m0:link:0:d4:k3:backward_recovery,place_cups,single,single:mug0:k2:m0:link:0,4,3,backward_recovery,70,k3:t69,k3:t0,k3:t10,69,10,1,0,10,1,0,1,1,0.11957193739927571,1.0,0.6799999999999999,0.11615559633072498,,
reentry:place_cups:single:mug0:k2:m0:link:0:d4:k4:forward_clock_lag,place_cups,single,single:mug0:k2:m0:link:0,4,4,forward_clock_lag,25,k4:t0,k4:t24,k4:t24,24,0,1,1,0,1,1,1,1,0.8033562804716156,1.0,0.6799999999999999,0.7804032438867122,,
reentry:place_cups:single:mug0:k2:m0:link:0:d4:k4:backward_recovery,place_cups,single,single:mug0:k2:m0:link:0,4,4,backward_recovery,25,k4:t24,k4:t0,k4:t0,24,0,1,1,0,1,1,1,1,1.0,1.0,0.6799999999999999,0.9714285714285714,,
reentry:place_cups:single:mug0:k4:m0:unlink:0:d0:k4:forward_clock_lag,place_cups,single,single:mug0:k4:m0:unlink:0,0,4,forward_clock_lag,2,k4:t25,k4:t26,k4:t25,1,1,1,0,1,1,0,0,1,0.3908886212782376,1.0,0.6799999999999999,0.37972037495600225,,
reentry:place_cups:single:mug0:k4:m0:unlink:0:d0:k4:backward_recovery,place_cups,single,single:mug0:k4:m0:unlink:0,0,4,backward_recovery,2,k4:t26,k4:t25,k4:t25,1,0,1,1,0,1,1,1,1,0.38811407419362853,1.0,0.6799999999999999,0.37702510064523914,,
reentry:place_cups:single:mug0:k4:m0:unlink:0:d1:k4:forward_clock_lag,place_cups,single,single:mug0:k4:m0:unlink:0,1,4,forward_clock_lag,2,k4:t25,k4:t26,k4:t25,1,1,1,0,1,1,0,0,1,0.18477532521940576,1.0,0.6799999999999999,0.17949603021313704,,
reentry:place_cups:single:mug0:k4:m0:unlink:0:d1:k4:backward_recovery,place_cups,single,single:mug0:k4:m0:unlink:0,1,4,backward_recovery,2,k4:t26,k4:t25,k4:t25,1,0,1,1,0,1,1,1,1,0.18846397389281375,1.0,0.6799999999999999,0.18307928892444764,,
reentry:place_cups:single:mug0:k4:m0:unlink:0:d2:k4:forward_clock_lag,place_cups,single,single:mug0:k4:m0:unlink:0,2,4,forward_clock_lag,2,k4:t25,k4:t26,k4:t25,1,1,1,0,1,1,0,0,1,0.11095931190349423,1.0,0.6799999999999999,0.10778904584910867,,
reentry:place_cups:single:mug0:k4:m0:unlink:0:d2:k4:backward_recovery,place_cups,single,single:mug0:k4:m0:unlink:0,2,4,backward_recovery,2,k4:t26,k4:t25,k4:t25,1,0,1,1,0,1,1,1,1,0.1070178690755815,1.0,0.6799999999999999,0.10396021567342204,,
reentry:place_cups:single:mug0:k4:m0:unlink:0:d3:k4:forward_clock_lag,place_cups,single,single:mug0:k4:m0:unlink:0,3,4,forward_clock_lag,2,k4:t25,k4:t26,k4:t26,1,0,1,1,0,1,1,1,1,0.030079449855806545,1.0,0.6799999999999999,0.0292200370027835,,
reentry:place_cups:single:mug0:k4:m0:unlink:0:d3:k4:backward_recovery,place_cups,single,single:mug0:k4:m0:unlink:0,3,4,backward_recovery,2,k4:t26,k4:t25,k4:t26,1,1,1,0,1,1,0,0,1,0.031546036304620655,1.0,0.6799999999999999,0.03064472098163149,,
reentry:place_cups:single:mug0:k4:m0:unlink:0:d4:k4:forward_clock_lag,place_cups,single,single:mug0:k4:m0:unlink:0,4,4,forward_clock_lag,2,k4:t25,k4:t26,k4:t26,1,0,1,1,0,1,1,1,1,0.45874608640420816,1.0,0.6799999999999999,0.44563905536408793,,
reentry:place_cups:single:mug0:k4:m0:unlink:0:d4:k4:backward_recovery,place_cups,single,single:mug0:k4:m0:unlink:0,4,4,backward_recovery,2,k4:t26,k4:t25,k4:t26,1,1,1,0,1,1,0,0,1,0.45747908881360244,1.0,0.6799999999999999,0.4444082577046424,,
reentry:open_microwave:single:microwave_door:k2:m0:link:0:d0:k2:forward_clock_lag,open_microwave,single,single:microwave_door:k2:m0:link:0,0,2,forward_clock_lag,52,k2:t2,k2:t53,k2:t52,51,1,1,0,1,1,0,1,1,0.9695719853048875,1.0,0.6799999999999999,0.9418699285818908,,
reentry:open_microwave:single:microwave_door:k2:m0:link:0:d0:k2:backward_recovery,open_microwave,single,single:microwave_door:k2:m0:link:0,0,2,backward_recovery,52,k2:t53,k2:t2,k2:t2,51,0,1,1,0,1,1,1,1,0.9796169963432237,1.0,0.6799999999999999,0.9516279393048459,,
reentry:open_microwave:single:microwave_door:k2:m0:link:0:d1:k2:forward_clock_lag,open_microwave,single,single:microwave_door:k2:m0:link:0,1,2,forward_clock_lag,52,k2:t2,k2:t53,k2:t52,51,1,1,0,1,1,0,1,1,0.8715693226003391,1.0,0.6799999999999999,0.8466673419546151,,
reentry:open_microwave:single:microwave_door:k2:m0:link:0:d1:k2:backward_recovery,open_microwave,single,single:microwave_door:k2:m0:link:0,1,2,backward_recovery,52,k2:t53,k2:t2,k2:t2,51,0,1,1,0,1,1,1,1,0.9970992559758272,1.0,0.6799999999999999,0.9686107058050892,,
reentry:open_microwave:single:microwave_door:k2:m0:link:0:d2:k2:forward_clock_lag,open_microwave,single,single:microwave_door:k2:m0:link:0,2,2,forward_clock_lag,52,k2:t2,k2:t53,k2:t52,51,1,1,0,1,1,0,1,1,0.9924410527014098,1.0,0.6799999999999999,0.9640855940527981,,
reentry:open_microwave:single:microwave_door:k2:m0:link:0:d2:k2:backward_recovery,open_microwave,single,single:microwave_door:k2:m0:link:0,2,2,backward_recovery,52,k2:t53,k2:t2,k2:t2,51,0,1,1,0,1,1,1,1,0.9875630373559997,1.0,0.6799999999999999,0.9593469505743997,,
reentry:open_microwave:single:microwave_door:k2:m0:link:0:d3:k2:forward_clock_lag,open_microwave,single,single:microwave_door:k2:m0:link:0,3,2,forward_clock_lag,52,k2:t2,k2:t53,k2:t52,51,1,1,0,1,1,0,1,1,0.816998548469042,1.0,0.6799999999999999,0.7936557327984979,,
reentry:open_microwave:single:microwave_door:k2:m0:link:0:d3:k2:backward_recovery,open_microwave,single,single:microwave_door:k2:m0:link:0,3,2,backward_recovery,52,k2:t53,k2:t2,k2:t2,51,0,1,1,0,1,1,1,1,0.7617507488806362,1.0,0.6799999999999999,0.7399864417697609,,
reentry:open_microwave:single:microwave_door:k2:m0:link:0:d4:k2:forward_clock_lag,open_microwave,single,single:microwave_door:k2:m0:link:0,4,2,forward_clock_lag,52,k2:t2,k2:t53,k2:t52,51,1,1,0,1,1,0,1,1,0.9867058614737806,1.0,0.6799999999999999,0.9585142654316725,,
reentry:open_microwave:single:microwave_door:k2:m0:link:0:d4:k2:backward_recovery,open_microwave,single,single:microwave_door:k2:m0:link:0,4,2,backward_recovery,52,k2:t53,k2:t2,k2:t2,51,0,1,1,0,1,1,1,1,0.4290428495096596,1.0,0.6799999999999999,0.41678448238081217,,
reentry:wipe_desk:single:sponge:k1:m0:link:0:d0:k1:forward_clock_lag,wipe_desk,single,single:sponge:k1:m0:link:0,0,1,forward_clock_lag,22,k1:t1,k1:t22,k1:t22,21,0,1,1,0,1,1,1,1,0.8950106618881456,1.0,0.6799999999999999,0.8694389286913414,,
reentry:wipe_desk:single:sponge:k1:m0:link:0:d0:k1:backward_recovery,wipe_desk,single,single:sponge:k1:m0:link:0,0,1,backward_recovery,22,k1:t22,k1:t1,k1:t1,21,0,1,1,0,1,1,1,1,0.986401147822437,1.0,0.6799999999999999,0.9582182578846531,,
reentry:wipe_desk:single:sponge:k1:m0:link:0:d0:k2:forward_clock_lag,wipe_desk,single,single:sponge:k1:m0:link:0,0,2,forward_clock_lag,143,k2:t0,k2:t142,k2:t142,142,0,1,1,0,1,1,1,1,0.777457041443949,1.0,0.6799999999999999,0.755243983116979,,
reentry:wipe_desk:single:sponge:k1:m0:link:0:d0:k2:backward_recovery,wipe_desk,single,single:sponge:k1:m0:link:0,0,2,backward_recovery,143,k2:t142,k2:t0,k2:t0,142,0,1,1,0,1,1,1,1,0.9499409340465965,1.0,0.6799999999999999,0.9227997645024081,,
reentry:wipe_desk:single:sponge:k1:m0:link:0:d0:k3:forward_clock_lag,wipe_desk,single,single:sponge:k1:m0:link:0,0,3,forward_clock_lag,15,k3:t0,k3:t14,k3:t14,14,0,1,1,0,1,1,1,1,0.8586814431394876,1.0,0.6799999999999999,0.8341476876212165,,
reentry:wipe_desk:single:sponge:k1:m0:link:0:d0:k3:backward_recovery,wipe_desk,single,single:sponge:k1:m0:link:0,0,3,backward_recovery,15,k3:t14,k3:t0,k3:t0,14,0,1,1,0,1,1,1,1,0.8934705494341323,1.0,0.6799999999999999,0.8679428194502999,,
reentry:wipe_desk:single:sponge:k1:m0:link:0:d1:k1:forward_clock_lag,wipe_desk,single,single:sponge:k1:m0:link:0,1,1,forward_clock_lag,22,k1:t1,k1:t22,k1:t22,21,0,1,1,0,1,1,1,1,0.874169250842647,1.0,0.6799999999999999,0.849192986532857,,
reentry:wipe_desk:single:sponge:k1:m0:link:0:d1:k1:backward_recovery,wipe_desk,single,single:sponge:k1:m0:link:0,1,1,backward_recovery,22,k1:t22,k1:t1,k1:t1,21,0,1,1,0,1,1,1,1,0.9945662101917525,1.0,0.6799999999999999,0.9661500327577024,,
reentry:wipe_desk:single:sponge:k1:m0:link:0:d1:k2:forward_clock_lag,wipe_desk,single,single:sponge:k1:m0:link:0,1,2,forward_clock_lag,143,k2:t0,k2:t142,k2:t142,142,0,1,1,0,1,1,1,1,0.8908612203114771,1.0,0.6799999999999999,0.865408042588292,,
reentry:wipe_desk:single:sponge:k1:m0:link:0:d1:k2:backward_recovery,wipe_desk,single,single:sponge:k1:m0:link:0,1,2,backward_recovery,143,k2:t142,k2:t0,k2:t0,142,0,1,1,0,1,1,1,1,0.9386704151170366,1.0,0.6799999999999999,0.911851260399407,,
reentry:wipe_desk:single:sponge:k1:m0:link:0:d1:k3:forward_clock_lag,wipe_desk,single,single:sponge:k1:m0:link:0,1,3,forward_clock_lag,15,k3:t0,k3:t14,k3:t14,14,0,1,1,0,1,1,1,1,0.9648755401033432,1.0,0.6799999999999999,0.937307667528962,,
reentry:wipe_desk:single:sponge:k1:m0:link:0:d1:k3:backward_recovery,wipe_desk,single,single:sponge:k1:m0:link:0,1,3,backward_recovery,15,k3:t14,k3:t0,k3:t0,14,0,1,1,0,1,1,1,1,0.9946508230942129,1.0,0.6799999999999999,0.9662322281486639,,
reentry:wipe_desk:single:sponge:k1:m0:link:0:d2:k1:forward_clock_lag,wipe_desk,single,single:sponge:k1:m0:link:0,2,1,forward_clock_lag,22,k1:t1,k1:t22,k1:t22,21,0,1,1,0,1,1,1,1,0.09383168498450857,1.0,0.6799999999999999,0.09115077969923689,,
reentry:wipe_desk:single:sponge:k1:m0:link:0:d2:k1:backward_recovery,wipe_desk,single,single:sponge:k1:m0:link:0,2,1,backward_recovery,22,k1:t22,k1:t1,k1:t1,21,0,1,1,0,1,1,1,1,0.9736892577696371,1.0,0.6799999999999999,0.9458695646905046,,
reentry:wipe_desk:single:sponge:k1:m0:link:0:d2:k2:forward_clock_lag,wipe_desk,single,single:sponge:k1:m0:link:0,2,2,forward_clock_lag,143,k2:t0,k2:t142,k2:t142,142,0,1,1,0,1,1,1,1,0.3926677983457011,1.0,0.6799999999999999,0.3814487183929668,,
reentry:wipe_desk:single:sponge:k1:m0:link:0:d2:k2:backward_recovery,wipe_desk,single,single:sponge:k1:m0:link:0,2,2,backward_recovery,143,k2:t142,k2:t0,k2:t2,142,2,1,0,2,1,0,1,1,0.39293622805724876,1.0,0.6799999999999999,0.38170947868418453,,
reentry:wipe_desk:single:sponge:k1:m0:link:0:d2:k3:forward_clock_lag,wipe_desk,single,single:sponge:k1:m0:link:0,2,3,forward_clock_lag,15,k3:t0,k3:t14,k3:t14,14,0,1,1,0,1,1,1,1,0.9547510505469257,1.0,0.6799999999999999,0.9274724491027277,,
reentry:wipe_desk:single:sponge:k1:m0:link:0:d2:k3:backward_recovery,wipe_desk,single,single:sponge:k1:m0:link:0,2,3,backward_recovery,15,k3:t14,k3:t0,k3:t0,14,0,1,1,0,1,1,1,1,0.986381355101124,1.0,0.6799999999999999,0.9581990306696633,,
reentry:wipe_desk:single:sponge:k1:m0:link:0:d3:k1:forward_clock_lag,wipe_desk,single,single:sponge:k1:m0:link:0,3,1,forward_clock_lag,22,k1:t1,k1:t22,k1:t22,21,0,1,1,0,1,1,1,1,0.8391175748753016,1.0,0.6799999999999999,0.8151427870217215,,
reentry:wipe_desk:single:sponge:k1:m0:link:0:d3:k1:backward_recovery,wipe_desk,single,single:sponge:k1:m0:link:0,3,1,backward_recovery,22,k1:t22,k1:t1,k1:t1,21,0,1,1,0,1,1,1,1,0.9971687614436813,1.0,0.6799999999999999,0.9686782254024332,,
reentry:wipe_desk:single:sponge:k1:m0:link:0:d3:k2:forward_clock_lag,wipe_desk,single,single:sponge:k1:m0:link:0,3,2,forward_clock_lag,143,k2:t0,k2:t142,k2:t142,142,0,1,1,0,1,1,1,1,0.5763308887343302,1.0,0.6799999999999999,0.5598642919133494,,
reentry:wipe_desk:single:sponge:k1:m0:link:0:d3:k2:backward_recovery,wipe_desk,single,single:sponge:k1:m0:link:0,3,2,backward_recovery,143,k2:t142,k2:t0,k2:t0,142,0,1,1,0,1,1,1,1,0.9438430725271406,1.0,0.6799999999999999,0.9168761275977937,,
reentry:wipe_desk:single:sponge:k1:m0:link:0:d3:k3:forward_clock_lag,wipe_desk,single,single:sponge:k1:m0:link:0,3,3,forward_clock_lag,15,k3:t0,k3:t14,k3:t14,14,0,1,1,0,1,1,1,1,0.861640734673064,1.0,0.6799999999999999,0.8370224279681193,,
reentry:wipe_desk:single:sponge:k1:m0:link:0:d3:k3:backward_recovery,wipe_desk,single,single:sponge:k1:m0:link:0,3,3,backward_recovery,15,k3:t14,k3:t0,k3:t0,14,0,1,1,0,1,1,1,1,0.8008615934472495,1.0,0.6799999999999999,0.777979833634471,,
reentry:wipe_desk:single:sponge:k1:m0:link:0:d4:k1:forward_clock_lag,wipe_desk,single,single:sponge:k1:m0:link:0,4,1,forward_clock_lag,22,k1:t1,k1:t22,k1:t21,21,1,1,0,1,1,0,1,1,0.6007367081206596,1.0,0.6799999999999999,0.583572802174355,,
reentry:wipe_desk:single:sponge:k1:m0:link:0:d4:k1:backward_recovery,wipe_desk,single,single:sponge:k1:m0:link:0,4,1,backward_recovery,22,k1:t22,k1:t1,k1:t1,21,0,1,1,0,1,1,1,1,0.9399060250581055,1.0,0.6799999999999999,0.9130515671993025,,
reentry:wipe_desk:single:sponge:k1:m0:link:0:d4:k2:forward_clock_lag,wipe_desk,single,single:sponge:k1:m0:link:0,4,2,forward_clock_lag,143,k2:t0,k2:t142,k2:t142,142,0,1,1,0,1,1,1,1,0.7631529381502787,1.0,0.6799999999999999,0.7413485684888422,,
reentry:wipe_desk:single:sponge:k1:m0:link:0:d4:k2:backward_recovery,wipe_desk,single,single:sponge:k1:m0:link:0,4,2,backward_recovery,143,k2:t142,k2:t0,k2:t0,142,0,1,1,0,1,1,1,1,0.7881971992941048,1.0,0.6799999999999999,0.7656772793142732,,
reentry:wipe_desk:single:sponge:k1:m0:link:0:d4:k3:forward_clock_lag,wipe_desk,single,single:sponge:k1:m0:link:0,4,3,forward_clock_lag,15,k3:t0,k3:t14,k3:t13,14,1,1,0,1,1,0,1,1,0.81062457966508,1.0,0.6799999999999999,0.7874638773889348,,
reentry:wipe_desk:single:sponge:k1:m0:link:0:d4:k3:backward_recovery,wipe_desk,single,single:sponge:k1:m0:link:0,4,3,backward_recovery,15,k3:t14,k3:t0,k3:t0,14,0,1,1,0,1,1,1,1,0.9714861983732426,1.0,0.6799999999999999,0.9437294498482928,,
reentry:bimanual_handover_item/left:left:item0:k2:m0:link:0:d0:k2:forward_clock_lag,bimanual_handover_item,left,left:item0:k2:m0:link:0,0,2,forward_clock_lag,38,k2:t7,k2:t44,k2:t44,37,0,1,1,0,1,1,1,1,0.12720447835548226,1.0,0.6799999999999999,0.12357006468818277,,
reentry:bimanual_handover_item/left:left:item0:k2:m0:link:0:d0:k2:backward_recovery,bimanual_handover_item,left,left:item0:k2:m0:link:0,0,2,backward_recovery,38,k2:t44,k2:t7,k2:t7,37,0,1,1,0,1,1,1,1,0.24933083278139545,1.0,0.6799999999999999,0.242207094701927,,
reentry:bimanual_handover_item/left:left:item0:k2:m0:link:0:d0:k3:forward_clock_lag,bimanual_handover_item,left,left:item0:k2:m0:link:0,0,3,forward_clock_lag,45,k3:t0,k3:t44,k3:t44,44,0,1,1,0,1,1,1,1,0.2793706489775441,1.0,0.6799999999999999,0.27138863043532857,,
reentry:bimanual_handover_item/left:left:item0:k2:m0:link:0:d0:k3:backward_recovery,bimanual_handover_item,left,left:item0:k2:m0:link:0,0,3,backward_recovery,45,k3:t44,k3:t0,k3:t0,44,0,1,1,0,1,1,1,1,0.13368034094885098,1.0,0.6799999999999999,0.12986090263602668,,
reentry:bimanual_handover_item/left:left:item0:k2:m0:link:0:d0:k4:forward_clock_lag,bimanual_handover_item,left,left:item0:k2:m0:link:0,0,4,forward_clock_lag,26,k4:t0,k4:t25,k4:t25,25,0,1,1,0,1,1,1,1,0.7028198452427621,1.0,0.6799999999999999,0.682739278235826,,
reentry:bimanual_handover_item/left:left:item0:k2:m0:link:0:d0:k4:backward_recovery,bimanual_handover_item,left,left:item0:k2:m0:link:0,0,4,backward_recovery,26,k4:t25,k4:t0,k4:t2,25,2,1,0,2,1,0,1,1,0.7153192751704276,1.0,0.6799999999999999,0.6948815815941296,,
reentry:bimanual_handover_item/left:left:item0:k2:m0:link:0:d0:k5:forward_clock_lag,bimanual_handover_item,left,left:item0:k2:m0:link:0,0,5,forward_clock_lag,22,k5:t0,k5:t21,k5:t9,21,12,1,0,12,1,0,1,1,0.7232241136144283,1.0,0.6799999999999999,0.7025605675111589,,
reentry:bimanual_handover_item/left:left:item0:k2:m0:link:0:d0:k5:backward_recovery,bimanual_handover_item,left,left:item0:k2:m0:link:0,0,5,backward_recovery,22,k5:t21,k5:t0,k5:t0,21,0,1,1,0,1,1,1,1,0.7124327991911396,1.0,0.6799999999999999,0.692077576357107,,
reentry:bimanual_handover_item/left:left:item0:k2:m0:link:0:d0:k6:forward_clock_lag,bimanual_handover_item,left,left:item0:k2:m0:link:0,0,6,forward_clock_lag,9,k6:t0,k6:t8,k6:t1,8,7,1,0,7,1,0,1,1,0.6924991900804466,1.0,0.6799999999999999,0.672713498935291,,
reentry:bimanual_handover_item/left:left:item0:k2:m0:link:0:d0:k6:backward_recovery,bimanual_handover_item,left,left:item0:k2:m0:link:0,0,6,backward_recovery,9,k6:t8,k6:t0,k6:t0,8,0,1,1,0,1,1,1,1,1.0,1.0,0.6799999999999999,0.9714285714285714,,
reentry:bimanual_handover_item/left:left:item0:k2:m0:link:0:d1:k2:forward_clock_lag,bimanual_handover_item,left,left:item0:k2:m0:link:0,1,2,forward_clock_lag,38,k2:t7,k2:t44,k2:t44,37,0,1,1,0,1,1,1,1,0.061552620967367945,1.0,0.6799999999999999,0.05979397465401457,,
reentry:bimanual_handover_item/left:left:item0:k2:m0:link:0:d1:k2:backward_recovery,bimanual_handover_item,left,left:item0:k2:m0:link:0,1,2,backward_recovery,38,k2:t44,k2:t7,k2:t7,37,0,1,1,0,1,1,1,1,0.1589295126908178,1.0,0.6799999999999999,0.15438866947108013,,
reentry:bimanual_handover_item/left:left:item0:k2:m0:link:0:d1:k3:forward_clock_lag,bimanual_handover_item,left,left:item0:k2:m0:link:0,1,3,forward_clock_lag,45,k3:t0,k3:t44,k3:t44,44,0,1,1,0,1,1,1,1,0.1894367994347531,1.0,0.6799999999999999,0.18402431945090303,,
reentry:bimanual_handover_item/left:left:item0:k2:m0:link:0:d1:k3:backward_recovery,bimanual_handover_item,left,left:item0:k2:m0:link:0,1,3,backward_recovery,45,k3:t44,k3:t0,k3:t0,44,0,1,1,0,1,1,1,1,0.06961759328861923,1.0,0.6799999999999999,0.06762851919465868,,
reentry:bimanual_handover_item/left:left:item0:k2:m0:link:0:d1:k4:forward_clock_lag,bimanual_handover_item,left,left:item0:k2:m0:link:0,1,4,forward_clock_lag,26,k4:t0,k4:t25,k4:t25,25,0,1,1,0,1,1,1,1,0.6496295046913043,1.0,0.6799999999999999,0.6310686617001242,,
reentry:bimanual_handover_item/left:left:item0:k2:m0:link:0:d1:k4:backward_recovery,bimanual_handover_item,left,left:item0:k2:m0:link:0,1,4,backward_recovery,26,k4:t25,k4:t0,k4:t1,25,1,1,0,1,1,0,1,1,0.772610670585843,1.0,0.6799999999999999,0.750536079997676,,
reentry:bimanual_handover_item/left:left:item0:k2:m0:link:0:d1:k5:forward_clock_lag,bimanual_handover_item,left,left:item0:k2:m0:link:0,1,5,forward_clock_lag,22,k5:t0,k5:t21,k5:t9,21,12,1,0,12,1,0,1,1,0.7746924898253609,1.0,0.6799999999999999,0.7525584186874934,,
reentry:bimanual_handover_item/left:left:item0:k2:m0:link:0:d1:k5:backward_recovery,bimanual_handover_item,left,left:item0:k2:m0:link:0,1,5,backward_recovery,22,k5:t21,k5:t0,k5:t0,21,0,1,1,0,1,1,1,1,0.7900586950093713,1.0,0.6799999999999999,0.767485589437675,,
reentry:bimanual_handover_item/left:left:item0:k2:m0:link:0:d1:k6:forward_clock_lag,bimanual_handover_item,left,left:item0:k2:m0:link:0,1,6,forward_clock_lag,9,k6:t0,k6:t8,k6:t8,8,0,1,1,0,1,1,1,1,0.9763431236160659,1.0,0.6799999999999999,0.948447605798464,,
reentry:bimanual_handover_item/left:left:item0:k2:m0:link:0:d1:k6:backward_recovery,bimanual_handover_item,left,left:item0:k2:m0:link:0,1,6,backward_recovery,9,k6:t8,k6:t0,k6:t0,8,0,1,1,0,1,1,1,1,1.0,1.0,0.6799999999999999,0.9714285714285714,,
reentry:bimanual_handover_item/left:left:item0:k2:m0:link:0:d2:k2:forward_clock_lag,bimanual_handover_item,left,left:item0:k2:m0:link:0,2,2,forward_clock_lag,38,k2:t7,k2:t44,k2:t44,37,262,0,0,0,1,1,1,1,0.002194842207866676,1.0,0.6799999999999999,0.0021321324304990567,,robot_incompatible
reentry:bimanual_handover_item/left:left:item0:k2:m0:link:0:d2:k2:backward_recovery,bimanual_handover_item,left,left:item0:k2:m0:link:0,2,2,backward_recovery,38,k2:t44,k2:t7,k2:t8,37,1,1,0,1,1,0,1,1,0.05251854891960108,1.0,0.6799999999999999,0.05101801895046962,,
reentry:bimanual_handover_item/left:left:item0:k2:m0:link:0:d2:k3:forward_clock_lag,bimanual_handover_item,left,left:item0:k2:m0:link:0,2,3,forward_clock_lag,45,k3:t0,k3:t44,k3:t43,44,1,1,0,1,1,0,1,1,0.03730201176027313,1.0,0.6799999999999999,0.0362362399956939,,
reentry:bimanual_handover_item/left:left:item0:k2:m0:link:0:d2:k3:backward_recovery,bimanual_handover_item,left,left:item0:k2:m0:link:0,2,3,backward_recovery,45,k3:t44,k3:t0,k3:t0,44,0,1,1,0,1,1,1,1,0.3425605773184387,1.0,0.6799999999999999,0.33277313225219757,,
reentry:bimanual_handover_item/left:left:item0:k2:m0:link:0:d2:k4:forward_clock_lag,bimanual_handover_item,left,left:item0:k2:m0:link:0,2,4,forward_clock_lag,26,k4:t0,k4:t25,k4:t25,25,0,1,1,0,1,1,1,1,0.7429511674550864,1.0,0.6799999999999999,0.7217239912420839,,
reentry:bimanual_handover_item/left:left:item0:k2:m0:link:0:d2:k4:backward_recovery,bimanual_handover_item,left,left:item0:k2:m0:link:0,2,4,backward_recovery,26,k4:t25,k4:t0,k4:t0,25,0,1,1,0,1,1,1,1,0.6671769518683094,1.0,0.6799999999999999,0.6481147532435005,,
reentry:bimanual_handover_item/left:left:item0:k2:m0:link:0:d2:k5:forward_clock_lag,bimanual_handover_item,left,left:item0:k2:m0:link:0,2,5,forward_clock_lag,22,k5:t0,k5:t21,k5:t8,21,13,1,0,13,1,0,1,1,0.6753223765706472,1.0,0.6799999999999999,0.6560274515257716,,
reentry:bimanual_handover_item/left:left:item0:k2:m0:link:0:d2:k5:backward_recovery,bimanual_handover_item,left,left:item0:k2:m0:link:0,2,5,backward_recovery,22,k5:t21,k5:t0,k5:t0,21,0,1,1,0,1,1,1,1,0.7378339572242703,1.0,0.6799999999999999,0.7167529870178625,,
reentry:bimanual_handover_item/left:left:item0:k2:m0:link:0:d2:k6:forward_clock_lag,bimanual_handover_item,left,left:item0:k2:m0:link:0,2,6,forward_clock_lag,9,k6:t0,k6:t8,k6:t8,8,0,1,1,0,1,1,1,1,0.6836213796791493,1.0,0.6799999999999999,0.664089340259745,,
reentry:bimanual_handover_item/left:left:item0:k2:m0:link:0:d2:k6:backward_recovery,bimanual_handover_item,left,left:item0:k2:m0:link:0,2,6,backward_recovery,9,k6:t8,k6:t0,k6:t0,8,0,1,1,0,1,1,1,1,1.0,1.0,0.6799999999999999,0.9714285714285714,,
reentry:bimanual_handover_item/left:left:item0:k2:m0:link:0:d3:k2:forward_clock_lag,bimanual_handover_item,left,left:item0:k2:m0:link:0,3,2,forward_clock_lag,38,k2:t7,k2:t44,k2:t42,37,2,1,0,2,1,0,1,1,0.5928473005266165,1.0,0.6799999999999999,0.575908806225856,,
reentry:bimanual_handover_item/left:left:item0:k2:m0:link:0:d3:k2:backward_recovery,bimanual_handover_item,left,left:item0:k2:m0:link:0,3,2,backward_recovery,38,k2:t44,k2:t7,k2:t8,37,1,1,0,1,1,0,1,1,0.21809072318583436,1.0,0.6799999999999999,0.2118595596662391,,
reentry:bimanual_handover_item/left:left:item0:k2:m0:link:0:d3:k3:forward_clock_lag,bimanual_handover_item,left,left:item0:k2:m0:link:0,3,3,forward_clock_lag,45,k3:t0,k3:t44,k3:t44,44,0,1,1,0,1,1,1,1,0.4884262526356408,1.0,0.6799999999999999,0.4744712168460511,,
reentry:bimanual_handover_item/left:left:item0:k2:m0:link:0:d3:k3:backward_recovery,bimanual_handover_item,left,left:item0:k2:m0:link:0,3,3,backward_recovery,45,k3:t44,k3:t0,k3:t0,44,0,1,1,0,1,1,1,1,0.21576457882992597,1.0,0.6799999999999999,0.20959987657764237,,
reentry:bimanual_handover_item/left:left:item0:k2:m0:link:0:d3:k4:forward_clock_lag,bimanual_handover_item,left,left:item0:k2:m0:link:0,3,4,forward_clock_lag,26,k4:t0,k4:t25,k4:t24,25,1,1,0,1,1,0,1,1,0.2567689926335593,1.0,0.6799999999999999,0.2494327357011719,,
reentry:bimanual_handover_item/left:left:item0:k2:m0:link:0:d3:k4:backward_recovery,bimanual_handover_item,left,left:item0:k2:m0:link:0,3,4,backward_recovery,26,k4:t25,k4:t0,k4:t0,25,0,1,1,0,1,1,1,1,0.97200047026331,1.0,0.6799999999999999,0.9442290282557869,,
reentry:bimanual_handover_item/left:left:item0:k2:m0:link:0:d3:k5:forward_clock_lag,bimanual_handover_item,left,left:item0:k2:m0:link:0,3,5,forward_clock_lag,22,k5:t0,k5:t21,k5:t8,21,13,1,0,13,1,0,1,1,0.5137094034910837,1.0,0.6799999999999999,0.49903199196276704,,
reentry:bimanual_handover_item/left:left:item0:k2:m0:link:0:d3:k5:backward_recovery,bimanual_handover_item,left,left:item0:k2:m0:link:0,3,5,backward_recovery,22,k5:t21,k5:t0,k5:t0,21,0,1,1,0,1,1,1,1,0.5918525131512824,1.0,0.6799999999999999,0.57494244134696,,
reentry:bimanual_handover_item/left:left:item0:k2:m0:link:0:d3:k6:forward_clock_lag,bimanual_handover_item,left,left:item0:k2:m0:link:0,3,6,forward_clock_lag,9,k6:t0,k6:t8,k6:t2,8,6,1,0,6,1,0,1,1,0.6958915045201389,1.0,0.6799999999999999,0.6760088901052778,,
reentry:bimanual_handover_item/left:left:item0:k2:m0:link:0:d3:k6:backward_recovery,bimanual_handover_item,left,left:item0:k2:m0:link:0,3,6,backward_recovery,9,k6:t8,k6:t0,k6:t0,8,0,1,1,0,1,1,1,1,1.0,1.0,0.6799999999999999,0.9714285714285714,,
reentry:bimanual_handover_item/left:left:item0:k2:m0:link:0:d4:k2:forward_clock_lag,bimanual_handover_item,left,left:item0:k2:m0:link:0,4,2,forward_clock_lag,38,k2:t7,k2:t44,k2:t44,37,0,1,1,0,1,1,1,1,0.6044121930604084,1.0,0.6799999999999999,0.5871432732586824,,
reentry:bimanual_handover_item/left:left:item0:k2:m0:link:0:d4:k2:backward_recovery,bimanual_handover_item,left,left:item0:k2:m0:link:0,4,2,backward_recovery,38,k2:t44,k2:t7,k2:t9,37,2,1,0,2,1,0,1,1,0.03956717457854143,1.0,0.6799999999999999,0.03843668387629739,,
reentry:bimanual_handover_item/left:left:item0:k2:m0:link:0:d4:k3:forward_clock_lag,bimanual_handover_item,left,left:item0:k2:m0:link:0,4,3,forward_clock_lag,45,k3:t0,k3:t44,k3:t43,44,1,1,0,1,1,0,1,1,0.41538802058496893,1.0,0.6799999999999999,0.4035197914253984,,
reentry:bimanual_handover_item/left:left:item0:k2:m0:link:0:d4:k3:backward_recovery,bimanual_handover_item,left,left:item0:k2:m0:link:0,4,3,backward_recovery,45,k3:t44,k3:t0,k3:t0,44,0,1,1,0,1,1,1,1,0.5237007212913922,1.0,0.6799999999999999,0.5087378435402096,,
reentry:bimanual_handover_item/left:left:item0:k2:m0:link:0:d4:k4:forward_clock_lag,bimanual_handover_item,left,left:item0:k2:m0:link:0,4,4,forward_clock_lag,26,k4:t0,k4:t25,k4:t25,25,0,1,1,0,1,1,1,1,0.028389005933706673,1.0,0.6799999999999999,0.02757789147845791,,
reentry:bimanual_handover_item/left:left:item0:k2:m0:link:0:d4:k4:backward_recovery,bimanual_handover_item,left,left:item0:k2:m0:link:0,4,4,backward_recovery,26,k4:t25,k4:t0,k4:t0,25,0,1,1,0,1,1,1,1,0.6735712343805274,1.0,0.6799999999999999,0.6543263419696551,,
reentry:bimanual_handover_item/left:left:item0:k2:m0:link:0:d4:k5:forward_clock_lag,bimanual_handover_item,left,left:item0:k2:m0:link:0,4,5,forward_clock_lag,22,k5:t0,k5:t21,k5:t3,21,18,1,0,18,1,0,1,1,0.26530542538017543,1.0,0.6799999999999999,0.25772527036931325,,
reentry:bimanual_handover_item/left:left:item0:k2:m0:link:0:d4:k5:backward_recovery,bimanual_handover_item,left,left:item0:k2:m0:link:0,4,5,backward_recovery,22,k5:t21,k5:t0,k5:t0,21,0,1,1,0,1,1,1,1,0.24184650095639285,1.0,0.6799999999999999,0.23493660092906735,,
reentry:bimanual_handover_item/left:left:item0:k2:m0:link:0:d4:k6:forward_clock_lag,bimanual_handover_item,left,left:item0:k2:m0:link:0,4,6,forward_clock_lag,9,k6:t0,k6:t8,k6:t8,8,0,1,1,0,1,1,1,1,0.6705570714853678,1.0,0.6799999999999999,0.6513982980143573,,
reentry:bimanual_handover_item/left:left:item0:k2:m0:link:0:d4:k6:backward_recovery,bimanual_handover_item,left,left:item0:k2:m0:link:0,4,6,backward_recovery,9,k6:t8,k6:t0,k6:t0,8,0,1,1,0,1,1,1,1,1.0,1.0,0.6799999999999999,0.9714285714285714,,
reentry:bimanual_handover_item/left:left:item0:k6:m0:unlink:0:d0:k6:forward_clock_lag,bimanual_handover_item,left,left:item0:k6:m0:unlink:0,0,6,forward_clock_lag,4,k6:t9,k6:t12,k6:t11,3,1,1,0,1,1,0,1,1,0.772290128879408,1.0,0.6799999999999999,0.7502246966257106,,
reentry:bimanual_handover_item/left:left:item0:k6:m0:unlink:0:d0:k6:backward_recovery,bimanual_handover_item,left,left:item0:k6:m0:unlink:0,0,6,backward_recovery,4,k6:t12,k6:t9,k6:t9,3,0,1,1,0,1,1,1,1,0.7490971229543548,1.0,0.6799999999999999,0.7276943480128019,,
reentry:bimanual_handover_item/left:left:item0:k6:m0:unlink:0:d1:k6:forward_clock_lag,bimanual_handover_item,left,left:item0:k6:m0:unlink:0,1,6,forward_clock_lag,4,k6:t9,k6:t12,k6:t11,3,1,1,0,1,1,0,1,1,0.7645721372810325,1.0,0.6799999999999999,0.742727219073003,,
reentry:bimanual_handover_item/left:left:item0:k6:m0:unlink:0:d1:k6:backward_recovery,bimanual_handover_item,left,left:item0:k6:m0:unlink:0,1,6,backward_recovery,4,k6:t12,k6:t9,k6:t9,3,0,1,1,0,1,1,1,1,0.8315988289998085,1.0,0.6799999999999999,0.8078388624569568,,
reentry:bimanual_handover_item/left:left:item0:k6:m0:unlink:0:d2:k6:forward_clock_lag,bimanual_handover_item,left,left:item0:k6:m0:unlink:0,2,6,forward_clock_lag,4,k6:t9,k6:t12,k6:t12,3,0,1,1,0,1,1,1,1,0.5527011128417336,1.0,0.6799999999999999,0.5369096524748269,,
reentry:bimanual_handover_item/left:left:item0:k6:m0:unlink:0:d2:k6:backward_recovery,bimanual_handover_item,left,left:item0:k6:m0:unlink:0,2,6,backward_recovery,4,k6:t12,k6:t9,k6:t10,3,1,1,0,1,1,0,1,1,0.5721801549206611,1.0,0.6799999999999999,0.5558321504943565,,
reentry:bimanual_handover_item/left:left:item0:k6:m0:unlink:0:d3:k6:forward_clock_lag,bimanual_handover_item,left,left:item0:k6:m0:unlink:0,3,6,forward_clock_lag,4,k6:t9,k6:t12,k6:t11,3,1,1,0,1,1,0,1,1,0.756609403004083,1.0,0.6799999999999999,0.7349919914896806,,
reentry:bimanual_handover_item/left:left:item0:k6:m0:unlink:0:d3:k6:backward_recovery,bimanual_handover_item,left,left:item0:k6:m0:unlink:0,3,6,backward_recovery,4,k6:t12,k6:t9,k6:t9,3,0,1,1,0,1,1,1,1,0.7463036167496878,1.0,0.6799999999999999,0.7249806562711253,,
reentry:bimanual_handover_item/left:left:item0:k6:m0:unlink:0:d4:k6:forward_clock_lag,bimanual_handover_item,left,left:item0:k6:m0:unlink:0,4,6,forward_clock_lag,4,k6:t9,k6:t12,k6:t12,3,0,1,1,0,1,1,1,1,0.5462537163830504,1.0,0.6799999999999999,0.5306464673435347,,
reentry:bimanual_handover_item/left:left:item0:k6:m0:unlink:0:d4:k6:backward_recovery,bimanual_handover_item,left,left:item0:k6:m0:unlink:0,4,6,backward_recovery,4,k6:t12,k6:t9,k6:t10,3,1,1,0,1,1,0,1,1,0.5657639891774879,1.0,0.6799999999999999,0.5495993037724168,,
reentry:bimanual_lift_tray/left:left:item:k2:m0:link:0:d0:k2:forward_clock_lag,bimanual_lift_tray,left,left:item:k2:m0:link:0,0,2,forward_clock_lag,29,k2:t6,k2:t34,k2:t34,28,0,1,1,0,1,1,1,1,0.5907064822496709,1.0,0.6799999999999999,0.5738291541853946,,
reentry:bimanual_lift_tray/left:left:item:k2:m0:link:0:d0:k2:backward_recovery,bimanual_lift_tray,left,left:item:k2:m0:link:0,0,2,backward_recovery,29,k2:t34,k2:t6,k2:t6,28,0,1,1,0,1,1,1,1,0.5077514384682215,1.0,0.6799999999999999,0.49324425451198656,,
reentry:bimanual_lift_tray/left:left:item:k2:m0:link:0:d1:k2:forward_clock_lag,bimanual_lift_tray,left,left:item:k2:m0:link:0,1,2,forward_clock_lag,29,k2:t6,k2:t34,k2:t34,28,0,1,1,0,1,1,1,1,0.8329425237996211,1.0,0.6799999999999999,0.8091441659767747,,
reentry:bimanual_lift_tray/left:left:item:k2:m0:link:0:d1:k2:backward_recovery,bimanual_lift_tray,left,left:item:k2:m0:link:0,1,2,backward_recovery,29,k2:t34,k2:t6,k2:t6,28,0,1,1,0,1,1,1,1,0.845096483498232,1.0,0.6799999999999999,0.8209508696839968,,
reentry:bimanual_lift_tray/left:left:item:k2:m0:link:0:d2:k2:forward_clock_lag,bimanual_lift_tray,left,left:item:k2:m0:link:0,2,2,forward_clock_lag,29,k2:t6,k2:t34,k2:t34,28,0,1,1,0,1,1,1,1,0.9717960491212595,1.0,0.6799999999999999,0.944030447717795,,
reentry:bimanual_lift_tray/left:left:item:k2:m0:link:0:d2:k2:backward_recovery,bimanual_lift_tray,left,left:item:k2:m0:link:0,2,2,backward_recovery,29,k2:t34,k2:t6,k2:t6,28,0,1,1,0,1,1,1,1,0.8955507450044917,1.0,0.6799999999999999,0.8699635808615063,,
reentry:bimanual_lift_tray/left:left:item:k2:m0:link:0:d3:k2:forward_clock_lag,bimanual_lift_tray,left,left:item:k2:m0:link:0,3,2,forward_clock_lag,29,k2:t6,k2:t34,k2:t32,28,2,1,0,2,1,0,1,1,0.6527473919174964,1.0,0.6799999999999999,0.6340974664341393,,
reentry:bimanual_lift_tray/left:left:item:k2:m0:link:0:d3:k2:backward_recovery,bimanual_lift_tray,left,left:item:k2:m0:link:0,3,2,backward_recovery,29,k2:t34,k2:t6,k2:t6,28,0,1,1,0,1,1,1,1,0.8098568922333795,1.0,0.6799999999999999,0.7867181238838544,,
reentry:bimanual_lift_tray/left:left:item:k2:m0:link:0:d4:k2:forward_clock_lag,bimanual_lift_tray,left,left:item:k2:m0:link:0,4,2,forward_clock_lag,29,k2:t6,k2:t34,k2:t34,28,0,1,1,0,1,1,1,1,0.35412924311614125,1.0,0.6799999999999999,0.3440112647413944,,
reentry:bimanual_lift_tray/left:left:item:k2:m0:link:0:d4:k2:backward_recovery,bimanual_lift_tray,left,left:item:k2:m0:link:0,4,2,backward_recovery,29,k2:t34,k2:t6,k2:t8,28,2,1,0,2,1,0,1,1,0.10206890877053962,1.0,0.6799999999999999,0.09915265423423848,,
reentry:bimanual_lift_tray/left:left:tray:k2:m0:link:0:d0:k2:forward_clock_lag,bimanual_lift_tray,left,left:tray:k2:m0:link:0,0,2,forward_clock_lag,30,k2:t5,k2:t34,k2:t34,29,0,1,1,0,1,1,1,1,0.5907064822496709,1.0,0.6799999999999999,0.5738291541853946,,
reentry:bimanual_lift_tray/left:left:tray:k2:m0:link:0:d0:k2:backward_recovery,bimanual_lift_tray,left,left:tray:k2:m0:link:0,0,2,backward_recovery,30,k2:t34,k2:t5,k2:t5,29,0,1,1,0,1,1,1,1,0.5222200937684095,1.0,0.6799999999999999,0.5072995196607406,,
reentry:bimanual_lift_tray/left:left:tray:k2:m0:link:0:d1:k2:forward_clock_lag,bimanual_lift_tray,left,left:tray:k2:m0:link:0,1,2,forward_clock_lag,30,k2:t5,k2:t34,k2:t34,29,0,1,1,0,1,1,1,1,0.8329425237996211,1.0,0.6799999999999999,0.8091441659767747,,
reentry:bimanual_lift_tray/left:left:tray:k2:m0:link:0:d1:k2:backward_recovery,bimanual_lift_tray,left,left:tray:k2:m0:link:0,1,2,backward_recovery,30,k2:t34,k2:t5,k2:t5,29,0,1,1,0,1,1,1,1,0.8749204538076416,1.0,0.6799999999999999,0.8499227265559947,,
reentry:bimanual_lift_tray/left:left:tray:k2:m0:link:0:d2:k2:forward_clock_lag,bimanual_lift_tray,left,left:tray:k2:m0:link:0,2,2,forward_clock_lag,30,k2:t5,k2:t34,k2:t34,29,0,1,1,0,1,1,1,1,0.9717960491212595,1.0,0.6799999999999999,0.944030447717795,,
reentry:bimanual_lift_tray/left:left:tray:k2:m0:link:0:d2:k2:backward_recovery,bimanual_lift_tray,left,left:tray:k2:m0:link:0,2,2,backward_recovery,30,k2:t34,k2:t5,k2:t5,29,0,1,1,0,1,1,1,1,0.930149561730378,1.0,0.6799999999999999,0.9035738599666528,,
reentry:bimanual_lift_tray/left:left:tray:k2:m0:link:0:d3:k2:forward_clock_lag,bimanual_lift_tray,left,left:tray:k2:m0:link:0,3,2,forward_clock_lag,30,k2:t5,k2:t34,k2:t32,29,2,1,0,2,1,0,1,1,0.6527473919174964,1.0,0.6799999999999999,0.6340974664341393,,
reentry:bimanual_lift_tray/left:left:tray:k2:m0:link:0:d3:k2:backward_recovery,bimanual_lift_tray,left,left:tray:k2:m0:link:0,3,2,backward_recovery,30,k2:t34,k2:t5,k2:t5,29,0,1,1,0,1,1,1,1,0.821032980978995,1.0,0.6799999999999999,0.7975748958081665,,
reentry:bimanual_lift_tray/left:left:tray:k2:m0:link:0:d4:k2:forward_clock_lag,bimanual_lift_tray,left,left:tray:k2:m0:link:0,4,2,forward_clock_lag,30,k2:t5,k2:t34,k2:t34,29,0,1,1,0,1,1,1,1,0.35412924311614125,1.0,0.6799999999999999,0.3440112647413944,,
reentry:bimanual_lift_tray/left:left:tray:k2:m0:link:0:d4:k2:backward_recovery,bimanual_lift_tray,left,left:tray:k2:m0:link:0,4,2,backward_recovery,30,k2:t34,k2:t5,k2:t5,29,0,1,1,0,1,1,1,1,0.16465520186267885,1.0,0.6799999999999999,0.15995076752374515,,
reentry:bimanual_lift_tray/right:right:item:k2:m0:link:0:d0:k2:forward_clock_lag,bimanual_lift_tray,right,right:item:k2:m0:link:0,0,2,forward_clock_lag,29,k2:t6,k2:t34,k2:t34,28,0,1,1,0,1,1,1,1,0.8813203221966913,1.0,0.6799999999999999,0.8561397415625002,,
reentry:bimanual_lift_tray/right:right:item:k2:m0:link:0:d0:k2:backward_recovery,bimanual_lift_tray,right,right:item:k2:m0:link:0,0,2,backward_recovery,29,k2:t34,k2:t6,k2:t6,28,0,1,1,0,1,1,1,1,0.8762969316464363,1.0,0.6799999999999999,0.8512598764565381,,
reentry:bimanual_lift_tray/right:right:item:k2:m0:link:0:d1:k2:forward_clock_lag,bimanual_lift_tray,right,right:item:k2:m0:link:0,1,2,forward_clock_lag,29,k2:t6,k2:t34,k2:t34,28,0,1,1,0,1,1,1,1,0.8811663561647514,1.0,0.6799999999999999,0.8559901745600442,,
reentry:bimanual_lift_tray/right:right:item:k2:m0:link:0:d1:k2:backward_recovery,bimanual_lift_tray,right,right:item:k2:m0:link:0,1,2,backward_recovery,29,k2:t34,k2:t6,k2:t6,28,0,1,1,0,1,1,1,1,0.902074411467091,1.0,0.6799999999999999,0.8763008568537455,,
reentry:bimanual_lift_tray/right:right:item:k2:m0:link:0:d2:k2:forward_clock_lag,bimanual_lift_tray,right,right:item:k2:m0:link:0,2,2,forward_clock_lag,29,k2:t6,k2:t34,k2:t34,28,0,1,1,0,1,1,1,1,0.9048598037090703,1.0,0.6799999999999999,0.8790066664602397,,
reentry:bimanual_lift_tray/right:right:item:k2:m0:link:0:d2:k2:backward_recovery,bimanual_lift_tray,right,right:item:k2:m0:link:0,2,2,backward_recovery,29,k2:t34,k2:t6,k2:t6,28,0,1,1,0,1,1,1,1,0.9218954795854087,1.0,0.6799999999999999,0.8955556087401113,,
reentry:bimanual_lift_tray/right:right:item:k2:m0:link:0:d3:k2:forward_clock_lag,bimanual_lift_tray,right,right:item:k2:m0:link:0,3,2,forward_clock_lag,29,k2:t6,k2:t34,k2:t32,28,2,1,0,2,1,0,1,1,0.7589781985116135,1.0,0.6799999999999999,0.7372931071255674,,
reentry:bimanual_lift_tray/right:right:item:k2:m0:link:0:d3:k2:backward_recovery,bimanual_lift_tray,right,right:item:k2:m0:link:0,3,2,backward_recovery,29,k2:t34,k2:t6,k2:t6,28,0,1,1,0,1,1,1,1,0.9221511036352632,1.0,0.6799999999999999,0.8958039292456842,,
reentry:bimanual_lift_tray/right:right:item:k2:m0:link:0:d4:k2:forward_clock_lag,bimanual_lift_tray,right,right:item:k2:m0:link:0,4,2,forward_clock_lag,29,k2:t6,k2:t34,k2:t32,28,2,1,0,2,1,0,1,1,0.7847306630055847,1.0,0.6799999999999999,0.7623097869197109,,
reentry:bimanual_lift_tray/right:right:item:k2:m0:link:0:d4:k2:backward_recovery,bimanual_lift_tray,right,right:item:k2:m0:link:0,4,2,backward_recovery,29,k2:t34,k2:t6,k2:t7,28,1,1,0,1,1,0,1,1,0.21248733610261822,1.0,0.6799999999999999,0.20641626935682914,,
reentry:bimanual_lift_tray/right:right:tray:k2:m0:link:0:d0:k2:forward_clock_lag,bimanual_lift_tray,right,right:tray:k2:m0:link:0,0,2,forward_clock_lag,29,k2:t6,k2:t34,k2:t34,28,0,1,1,0,1,1,1,1,0.8813203221966913,1.0,0.6799999999999999,0.8561397415625002,,
reentry:bimanual_lift_tray/right:right:tray:k2:m0:link:0:d0:k2:backward_recovery,bimanual_lift_tray,right,right:tray:k2:m0:link:0,0,2,backward_recovery,29,k2:t34,k2:t6,k2:t6,28,0,1,1,0,1,1,1,1,0.8762969316464363,1.0,0.6799999999999999,0.8512598764565381,,
reentry:bimanual_lift_tray/right:right:tray:k2:m0:link:0:d1:k2:forward_clock_lag,bimanual_lift_tray,right,right:tray:k2:m0:link:0,1,2,forward_clock_lag,29,k2:t6,k2:t34,k2:t34,28,0,1,1,0,1,1,1,1,0.8811663561647514,1.0,0.6799999999999999,0.8559901745600442,,
reentry:bimanual_lift_tray/right:right:tray:k2:m0:link:0:d1:k2:backward_recovery,bimanual_lift_tray,right,right:tray:k2:m0:link:0,1,2,backward_recovery,29,k2:t34,k2:t6,k2:t6,28,0,1,1,0,1,1,1,1,0.902074411467091,1.0,0.6799999999999999,0.8763008568537455,,
reentry:bimanual_lift_tray/right:right:tray:k2:m0:link:0:d2:k2:forward_clock_lag,bimanual_lift_tray,right,right:tray:k2:m0:link:0,2,2,forward_clock_lag,29,k2:t6,k2:t34,k2:t34,28,0,1,1,0,1,1,1,1,0.9048598037090703,1.0,0.6799999999999999,0.8790066664602397,,
reentry:bimanual_lift_tray/right:right:tray:k2:m0:link:0:d2:k2:backward_recovery,bimanual_lift_tray,right,right:tray:k2:m0:link:0,2,2,backward_recovery,29,k2:t34,k2:t6,k2:t6,28,0,1,1,0,1,1,1,1,0.9218954795854087,1.0,0.6799999999999999,0.8955556087401113,,
reentry:bimanual_lift_tray/right:right:tray:k2:m0:link:0:d3:k2:forward_clock_lag,bimanual_lift_tray,right,right:tray:k2:m0:link:0,3,2,forward_clock_lag,29,k2:t6,k2:t34,k2:t32,28,2,1,0,2,1,0,1,1,0.7589781985116135,1.0,0.6799999999999999,0.7372931071255674,,
reentry:bimanual_lift_tray/right:right:tray:k2:m0:link:0:d3:k2:backward_recovery,bimanual_lift_tray,right,right:tray:k2:m0:link:0,3,2,backward_recovery,29,k2:t34,k2:t6,k2:t6,28,0,1,1,0,1,1,1,1,0.9221511036352632,1.0,0.6799999999999999,0.8958039292456842,,
reentry:bimanual_lift_tray/right:right:tray:k2:m0:link:0:d4:k2:forward_clock_lag,bimanual_lift_tray,right,right:tray:k2:m0:link:0,4,2,forward_clock_lag,29,k2:t6,k2:t34,k2:t32,28,2,1,0,2,1,0,1,1,0.7847306630055847,1.0,0.6799999999999999,0.7623097869197109,,
reentry:bimanual_lift_tray/right:right:tray:k2:m0:link:0:d4:k2:backward_recovery,bimanual_lift_tray,right,right:tray:k2:m0:link:0,4,2,backward_recovery,29,k2:t34,k2:t6,k2:t7,28,1,1,0,1,1,0,1,1,0.21248733610261822,1.0,0.6799999999999999,0.20641626935682914,,
reentry:bimanual_put_bottle_in_fridge/left:left:bottle:k1:m0:link:0:d0:k1:forward_clock_lag,bimanual_put_bottle_in_fridge,left,left:bottle:k1:m0:link:0,0,1,forward_clock_lag,156,k1:t2,k1:t157,k1:t157,155,0,1,1,0,1,1,1,1,0.08222927868236309,1.0,0.6799999999999999,0.07987987072000985,,
reentry:bimanual_put_bottle_in_fridge/left:left:bottle:k1:m0:link:0:d0:k1:backward_recovery,bimanual_put_bottle_in_fridge,left,left:bottle:k1:m0:link:0,0,1,backward_recovery,156,k1:t157,k1:t2,k1:t2,155,0,1,1,0,1,1,1,1,0.07794511635041108,1.0,0.6799999999999999,0.07571811302611363,,
reentry:bimanual_put_bottle_in_fridge/left:left:bottle:k1:m0:link:0:d1:k1:forward_clock_lag,bimanual_put_bottle_in_fridge,left,left:bottle:k1:m0:link:0,1,1,forward_clock_lag,156,k1:t2,k1:t157,k1:t157,155,0,1,1,0,1,1,1,1,0.5516994746540519,1.0,0.6799999999999999,0.5359366325210789,,
reentry:bimanual_put_bottle_in_fridge/left:left:bottle:k1:m0:link:0:d1:k1:backward_recovery,bimanual_put_bottle_in_fridge,left,left:bottle:k1:m0:link:0,1,1,backward_recovery,156,k1:t157,k1:t2,k1:t2,155,0,1,1,0,1,1,1,1,0.5219304186232202,1.0,0.6799999999999999,0.507018120948271,,
reentry:bimanual_put_bottle_in_fridge/left:left:bottle:k1:m0:link:0:d2:k1:forward_clock_lag,bimanual_put_bottle_in_fridge,left,left:bottle:k1:m0:link:0,2,1,forward_clock_lag,156,k1:t2,k1:t157,k1:t157,155,0,1,1,0,1,1,1,1,0.6389345086841158,1.0,0.6799999999999999,0.6206792370074268,,
reentry:bimanual_put_bottle_in_fridge/left:left:bottle:k1:m0:link:0:d2:k1:backward_recovery,bimanual_put_bottle_in_fridge,left,left:bottle:k1:m0:link:0,2,1,backward_recovery,156,k1:t157,k1:t2,k1:t2,155,0,1,1,0,1,1,1,1,0.13486004712395414,1.0,0.6799999999999999,0.1310069029204126,,
reentry:bimanual_put_bottle_in_fridge/left:left:bottle:k1:m0:link:0:d3:k1:forward_clock_lag,bimanual_put_bottle_in_fridge,left,left:bottle:k1:m0:link:0,3,1,forward_clock_lag,156,k1:t2,k1:t157,k1:t157,155,0,1,1,0,1,1,1,1,0.5332040341890646,1.0,0.6799999999999999,0.5179696332122342,,
reentry:bimanual_put_bottle_in_fridge/left:left:bottle:k1:m0:link:0:d3:k1:backward_recovery,bimanual_put_bottle_in_fridge,left,left:bottle:k1:m0:link:0,3,1,backward_recovery,156,k1:t157,k1:t2,k1:t2,155,0,1,1,0,1,1,1,1,0.391713796273841,1.0,0.6799999999999999,0.3805219735231598,,
reentry:bimanual_put_bottle_in_fridge/left:left:bottle:k1:m0:link:0:d4:k1:forward_clock_lag,bimanual_put_bottle_in_fridge,left,left:bottle:k1:m0:link:0,4,1,forward_clock_lag,156,k1:t2,k1:t157,k1:t157,155,0,1,1,0,1,1,1,1,0.2938629937547333,1.0,0.6799999999999999,0.28546690821888376,,
reentry:bimanual_put_bottle_in_fridge/left:left:bottle:k1:m0:link:0:d4:k1:backward_recovery,bimanual_put_bottle_in_fridge,left,left:bottle:k1:m0:link:0,4,1,backward_recovery,156,k1:t157,k1:t2,k1:t2,155,0,1,1,0,1,1,1,1,0.3095432783217897,1.0,0.6799999999999999,0.3006991846554528,,
reentry:bimanual_put_bottle_in_fridge/left:left:bottle:k2:m0:unlink:0:d0:k2:forward_clock_lag,bimanual_put_bottle_in_fridge,left,left:bottle:k2:m0:unlink:0,0,2,forward_clock_lag,2,k2:t0,k2:t1,k2:t0,1,1,1,0,1,1,0,0,1,0.9993561192541781,1.0,0.6799999999999999,0.9708030872754873,,
reentry:bimanual_put_bottle_in_fridge/left:left:bottle:k2:m0:unlink:0:d0:k2:backward_recovery,bimanual_put_bottle_in_fridge,left,left:bottle:k2:m0:unlink:0,0,2,backward_recovery,2,k2:t1,k2:t0,k2:t0,1,0,1,1,0,1,1,1,1,1.0,1.0,0.6799999999999999,0.9714285714285714,,
reentry:bimanual_put_bottle_in_fridge/left:left:bottle:k2:m0:unlink:0:d1:k2:forward_clock_lag,bimanual_put_bottle_in_fridge,left,left:bottle:k2:m0:unlink:0,1,2,forward_clock_lag,2,k2:t0,k2:t1,k2:t1,1,0,1,1,0,1,1,1,1,0.9894719097738641,1.0,0.6799999999999999,0.9612012837803251,,
reentry:bimanual_put_bottle_in_fridge/left:left:bottle:k2:m0:unlink:0:d1:k2:backward_recovery,bimanual_put_bottle_in_fridge,left,left:bottle:k2:m0:unlink:0,1,2,backward_recovery,2,k2:t1,k2:t0,k2:t0,1,0,1,1,0,1,1,1,1,1.0,1.0,0.6799999999999999,0.9714285714285714,,
reentry:bimanual_put_bottle_in_fridge/left:left:bottle:k2:m0:unlink:0:d2:k2:forward_clock_lag,bimanual_put_bottle_in_fridge,left,left:bottle:k2:m0:unlink:0,2,2,forward_clock_lag,2,k2:t0,k2:t1,k2:t0,1,1,1,0,1,1,0,0,1,0.9971049011283466,1.0,0.6799999999999999,0.9686161896675367,,
reentry:bimanual_put_bottle_in_fridge/left:left:bottle:k2:m0:unlink:0:d2:k2:backward_recovery,bimanual_put_bottle_in_fridge,left,left:bottle:k2:m0:unlink:0,2,2,backward_recovery,2,k2:t1,k2:t0,k2:t0,1,0,1,1,0,1,1,1,1,1.0,1.0,0.6799999999999999,0.9714285714285714,,
reentry:bimanual_put_bottle_in_fridge/left:left:bottle:k2:m0:unlink:0:d3:k2:forward_clock_lag,bimanual_put_bottle_in_fridge,left,left:bottle:k2:m0:unlink:0,3,2,forward_clock_lag,2,k2:t0,k2:t1,k2:t1,1,0,1,1,0,1,1,1,1,0.9995118369305598,1.0,0.6799999999999999,0.9709543558754009,,
reentry:bimanual_put_bottle_in_fridge/left:left:bottle:k2:m0:unlink:0:d3:k2:backward_recovery,bimanual_put_bottle_in_fridge,left,left:bottle:k2:m0:unlink:0,3,2,backward_recovery,2,k2:t1,k2:t0,k2:t0,1,0,1,1,0,1,1,1,1,1.0,1.0,0.6799999999999999,0.9714285714285714,,
reentry:bimanual_put_bottle_in_fridge/left:left:bottle:k2:m0:unlink:0:d4:k2:forward_clock_lag,bimanual_put_bottle_in_fridge,left,left:bottle:k2:m0:unlink:0,4,2,forward_clock_lag,2,k2:t0,k2:t1,k2:t0,1,1,1,0,1,1,0,0,1,0.9983404450333073,1.0,0.6799999999999999,0.9698164323180699,,
reentry:bimanual_put_bottle_in_fridge/left:left:bottle:k2:m0:unlink:0:d4:k2:backward_recovery,bimanual_put_bottle_in_fridge,left,left:bottle:k2:m0:unlink:0,4,2,backward_recovery,2,k2:t1,k2:t0,k2:t0,1,0,1,1,0,1,1,1,1,1.0,1.0,0.6799999999999999,0.9714285714285714,,
reentry:bimanual_sweep_to_dustpan/left:left:broom:k3:m0:link:0:d0:k3:forward_clock_lag,bimanual_sweep_to_dustpan,left,left:broom:k3:m0:link:0,0,3,forward_clock_lag,19,k3:t5,k3:t23,k3:t23,18,0,1,1,0,1,1,1,1,0.9606623335691767,1.0,0.6799999999999999,0.9332148383243432,,
reentry:bimanual_sweep_to_dustpan/left:left:broom:k3:m0:link:0:d0:k3:backward_recovery,bimanual_sweep_to_dustpan,left,left:broom:k3:m0:link:0,0,3,backward_recovery,19,k3:t23,k3:t5,k3:t5,18,0,1,1,0,1,1,1,1,0.9943685991173558,1.0,0.6799999999999999,0.9659580677140027,,
reentry:bimanual_sweep_to_dustpan/left:left:broom:k3:m0:link:0:d0:k4:forward_clock_lag,bimanual_sweep_to_dustpan,left,left:broom:k3:m0:link:0,0,4,forward_clock_lag,36,k4:t0,k4:t35,k4:t35,35,0,1,1,0,1,1,1,1,0.9909847586139747,1.0,0.6799999999999999,0.9626709083678612,,
reentry:bimanual_sweep_to_dustpan/left:left:broom:k3:m0:link:0:d0:k4:backward_recovery,bimanual_sweep_to_dustpan,left,left:broom:k3:m0:link:0,0,4,backward_recovery,36,k4:t35,k4:t0,k4:t0,35,0,1,1,0,1,1,1,1,1.0,1.0,0.6799999999999999,0.9714285714285714,,
reentry:bimanual_sweep_to_dustpan/left:left:broom:k3:m0:link:0:d1:k3:forward_clock_lag,bimanual_sweep_to_dustpan,left,left:broom:k3:m0:link:0,1,3,forward_clock_lag,19,k3:t5,k3:t23,k3:t22,18,1,1,0,1,1,0,1,1,0.7375406569964654,1.0,0.6799999999999999,0.7164680667965664,,
reentry:bimanual_sweep_to_dustpan/left:left:broom:k3:m0:link:0:d1:k3:backward_recovery,bimanual_sweep_to_dustpan,left,left:broom:k3:m0:link:0,1,3,backward_recovery,19,k3:t23,k3:t5,k3:t5,18,0,1,1,0,1,1,1,1,0.9949832449969982,1.0,0.6799999999999999,0.9665551522827982,,
reentry:bimanual_sweep_to_dustpan/left:left:broom:k3:m0:link:0:d1:k4:forward_clock_lag,bimanual_sweep_to_dustpan,left,left:broom:k3:m0:link:0,1,4,forward_clock_lag,36,k4:t0,k4:t35,k4:t35,35,0,1,1,0,1,1,1,1,0.8558128782729282,1.0,0.6799999999999999,0.8313610817508446,,
reentry:bimanual_sweep_to_dustpan/left:left:broom:k3:m0:link:0:d1:k4:backward_recovery,bimanual_sweep_to_dustpan,left,left:broom:k3:m0:link:0,1,4,backward_recovery,36,k4:t35,k4:t0,k4:t0,35,0,1,1,0,1,1,1,1,1.0,1.0,0.6799999999999999,0.9714285714285714,,
reentry:bimanual_sweep_to_dustpan/left:left:broom:k3:m0:link:0:d2:k3:forward_clock_lag,bimanual_sweep_to_dustpan,left,left:broom:k3:m0:link:0,2,3,forward_clock_lag,19,k3:t5,k3:t23,k3:t23,18,0,1,1,0,1,1,1,1,0.9864396588321838,1.0,0.6799999999999999,0.9582556685798357,,
reentry:bimanual_sweep_to_dustpan/left:left:broom:k3:m0:link:0:d2:k3:backward_recovery,bimanual_sweep_to_dustpan,left,left:broom:k3:m0:link:0,2,3,backward_recovery,19,k3:t23,k3:t5,k3:t5,18,0,1,1,0,1,1,1,1,0.9965241200195052,1.0,0.6799999999999999,0.9680520023046622,,
reentry:bimanual_sweep_to_dustpan/left:left:broom:k3:m0:link:0:d2:k4:forward_clock_lag,bimanual_sweep_to_dustpan,left,left:broom:k3:m0:link:0,2,4,forward_clock_lag,36,k4:t0,k4:t35,k4:t35,35,0,1,1,0,1,1,1,1,0.9877321756387173,1.0,0.6799999999999999,0.959511256334754,,
reentry:bimanual_sweep_to_dustpan/left:left:broom:k3:m0:link:0:d2:k4:backward_recovery,bimanual_sweep_to_dustpan,left,left:broom:k3:m0:link:0,2,4,backward_recovery,36,k4:t35,k4:t0,k4:t0,35,0,1,1,0,1,1,1,1,1.0,1.0,0.6799999999999999,0.9714285714285714,,
reentry:bimanual_sweep_to_dustpan/left:left:broom:k3:m0:link:0:d3:k3:forward_clock_lag,bimanual_sweep_to_dustpan,left,left:broom:k3:m0:link:0,3,3,forward_clock_lag,19,k3:t5,k3:t23,k3:t23,18,0,1,1,0,1,1,1,1,0.9678608435646272,1.0,0.6799999999999999,0.9402076766056379,,
reentry:bimanual_sweep_to_dustpan/left:left:broom:k3:m0:link:0:d3:k3:backward_recovery,bimanual_sweep_to_dustpan,left,left:broom:k3:m0:link:0,3,3,backward_recovery,19,k3:t23,k3:t5,k3:t5,18,0,1,1,0,1,1,1,1,0.9988729141531058,1.0,0.6799999999999999,0.9703336880344455,,
reentry:bimanual_sweep_to_dustpan/left:left:broom:k3:m0:link:0:d3:k4:forward_clock_lag,bimanual_sweep_to_dustpan,left,left:broom:k3:m0:link:0,3,4,forward_clock_lag,36,k4:t0,k4:t35,k4:t35,35,0,1,1,0,1,1,1,1,0.9864040299437313,1.0,0.6799999999999999,0.9582210576596247,,
reentry:bimanual_sweep_to_dustpan/left:left:broom:k3:m0:link:0:d3:k4:backward_recovery,bimanual_sweep_to_dustpan,left,left:broom:k3:m0:link:0,3,4,backward_recovery,36,k4:t35,k4:t0,k4:t0,35,0,1,1,0,1,1,1,1,1.0,1.0,0.6799999999999999,0.9714285714285714,,
reentry:bimanual_sweep_to_dustpan/left:left:broom:k3:m0:link:0:d4:k3:forward_clock_lag,bimanual_sweep_to_dustpan,left,left:broom:k3:m0:link:0,4,3,forward_clock_lag,19,k3:t5,k3:t23,k3:t23,18,0,1,1,0,1,1,1,1,0.9739244858430206,1.0,0.6799999999999999,0.9460980719617914,,
reentry:bimanual_sweep_to_dustpan/left:left:broom:k3:m0:link:0:d4:k3:backward_recovery,bimanual_sweep_to_dustpan,left,left:broom:k3:m0:link:0,4,3,backward_recovery,19,k3:t23,k3:t5,k3:t5,18,0,1,1,0,1,1,1,1,0.9888240533604432,1.0,0.6799999999999999,0.9605719375501448,,
reentry:bimanual_sweep_to_dustpan/left:left:broom:k3:m0:link:0:d4:k4:forward_clock_lag,bimanual_sweep_to_dustpan,left,left:broom:k3:m0:link:0,4,4,forward_clock_lag,36,k4:t0,k4:t35,k4:t35,35,0,1,1,0,1,1,1,1,0.9902973160894519,1.0,0.6799999999999999,0.9620031070583247,,
reentry:bimanual_sweep_to_dustpan/left:left:broom:k3:m0:link:0:d4:k4:backward_recovery,bimanual_sweep_to_dustpan,left,left:broom:k3:m0:link:0,4,4,backward_recovery,36,k4:t35,k4:t0,k4:t0,35,0,1,1,0,1,1,1,1,1.0,1.0,0.6799999999999999,0.9714285714285714,,
