task,arm,boundary,demonstrations,source_duration,terminal_window_size,terminal_no_plausible_rate,final_no_plausible_count,final_estimated_in_terminal_count,final_valid_endpoint_count,final_end_probability_minimum,final_end_probability_median,terminal_end_probability_minimum,nonterminal_end_probability_maximum,progress_separation_margin,progress_endpoint_ready,progress_separable,goal_count,goal_observed_rate,goal_support_rate,goal_minimum_compatibility,goal_minimum_log_margin,own_relation_count,own_relation_observed_rate,own_relation_stable_rate,own_relation_match_rate,own_relation_minimum_target_probability,guard_relation_count,guard_relation_observed_rate,guard_relation_stable_rate,guard_relation_match_rate,guard_relation_minimum_target_probability,guard_scene_count,guard_scene_observed_rate,guard_scene_support_rate,minimum_local_ready_streak,theta_inputs_ready,h_inputs_ready,guard_inputs_ready,readiness
bimanual_handover_item,left,left:0->1,5,74,3,0.0,0,5,5,0.9999999999999999,1.0,0.29971296957836163,0.19904846588498132,0.10066450369338031,1,1,2,1.0,1.0,0.0013683052596762202,0.0,0,1.0,1.0,1.0,1.0,0,1.0,1.0,1.0,1.0,0,1.0,1.0,1,1,0,1,ready_theta_limited_h
bimanual_handover_item,left,left:1->2,5,26,3,0.0,0,5,5,0.9999999999999999,1.0,0.6762068357729412,0.20169518016000265,0.4745116556129385,1,1,1,1.0,1.0,0.009977255719028228,0.0,0,1.0,1.0,1.0,1.0,0,1.0,1.0,1.0,1.0,0,1.0,1.0,3,1,1,1,ready_for_calibration
bimanual_handover_item,left,left:2->3,5,45,3,0.0,0,5,5,0.9999999999999999,1.0,0.856276493599088,0.18101596303693177,0.6752605305621562,1,1,1,1.0,1.0,0.002194842207866676,0.0,1,1.0,1.0,1.0,0.9996813383503667,1,1.0,1.0,1.0,0.999400864400183,0,1.0,1.0,3,1,1,1,ready_for_calibration
bimanual_handover_item,left,left:3->4,5,45,3,0.0,0,5,5,0.9999999999999999,1.0,0.34139801788383994,0.003360761263902309,0.3380372566199376,1,1,3,1.0,1.0,0.004484532001258718,0.0,0,1.0,1.0,1.0,1.0,0,1.0,1.0,1.0,1.0,0,1.0,1.0,1,1,0,1,ready_theta_limited_h
bimanual_handover_item,left,left:4->5,5,26,3,0.0,0,5,5,1.0,1.0,0.3834186553806236,0.9710031916898915,-0.5875845363092679,1,0,2,1.0,1.0,0.01692494107393188,0.0,0,1.0,1.0,1.0,1.0,0,1.0,1.0,1.0,1.0,0,1.0,1.0,1,1,0,1,ready_theta_limited_h
bimanual_handover_item,left,left:5->6,5,22,3,0.0,0,5,5,0.9999999999999999,1.0,0.8546592045189123,0.15429370543173473,0.7003654990871776,1,1,2,1.0,1.0,0.17145854534162153,0.0,0,1.0,1.0,1.0,1.0,0,1.0,1.0,1.0,1.0,0,1.0,1.0,2,1,1,1,ready_for_calibration
bimanual_handover_item,right,right:0->1,5,74,3,0.0,0,5,5,0.9999999999999999,1.0,0.16026033024005454,0.3317804071968377,-0.17152007695678317,1,0,1,1.0,1.0,0.0034339156431895945,0.0,0,1.0,1.0,1.0,1.0,0,1.0,1.0,1.0,1.0,0,1.0,1.0,1,1,0,1,ready_theta_limited_h
bimanual_handover_item,right,right:1->2,5,26,3,0.0,0,5,5,0.9999999999999999,1.0,0.8556034554823042,0.15560483886033244,0.6999986166219718,1,1,2,1.0,1.0,0.01745255637917421,0.0,0,1.0,1.0,1.0,1.0,0,1.0,1.0,1.0,1.0,0,1.0,1.0,1,1,0,1,ready_theta_limited_h
bimanual_handover_item,right,right:2->3,5,45,3,0.0,0,5,5,0.9999999999999999,1.0,0.8555953805484134,0.1544781236536241,0.7011172568947893,1,1,1,1.0,1.0,0.9980028985425584,0.0,0,1.0,1.0,1.0,1.0,0,1.0,1.0,1.0,1.0,0,1.0,1.0,2,1,1,1,ready_for_calibration
bimanual_handover_item,right,right:3->4,5,45,3,0.0,0,5,5,0.9999999999999999,1.0,0.8555704742318431,0.15452657507988948,0.7010438991519536,1,1,1,1.0,1.0,0.9984811862740036,0.0,0,1.0,1.0,1.0,1.0,0,1.0,1.0,1.0,1.0,0,1.0,1.0,2,1,1,1,ready_for_calibration
bimanual_handover_item,right,right:4->5,5,26,3,0.0,0,5,5,0.9999999999999999,1.0,0.8555874017876872,0.15449319124959693,0.7010942105380903,1,1,1,1.0,1.0,0.997833395726127,0.0,0,1.0,1.0,1.0,1.0,0,1.0,1.0,1.0,1.0,0,1.0,1.0,1,1,0,1,ready_theta_limited_h
bimanual_handover_item,right,right:5->6,5,22,3,0.0,0,5,5,1.0,1.0,0.710088772246426,0.5564475587848903,0.1536412134615357,1,1,1,1.0,1.0,0.2949030495232741,0.0,0,1.0,1.0,1.0,1.0,0,1.0,1.0,1.0,1.0,0,1.0,1.0,2,1,1,1,ready_for_calibration
bimanual_lift_tray,left,left:0->1,5,63,3,0.0,0,5,5,0.9999999999999999,0.9999999999999999,0.5871785358616539,0.24214128501796844,0.3450372508436855,1,1,3,1.0,1.0,0.0006178430496769024,0.0,0,1.0,1.0,1.0,1.0,0,1.0,1.0,1.0,1.0,0,1.0,1.0,1,1,0,1,ready_theta_limited_h
bimanual_lift_tray,left,left:1->2,5,18,3,0.0,0,5,5,0.9999999999999999,1.0,0.733873458401299,0.18418486493978473,0.5496885934615143,1,1,1,1.0,1.0,0.001997816202034171,0.0,0,1.0,1.0,1.0,1.0,0,1.0,1.0,1.0,1.0,0,1.0,1.0,1,1,0,1,ready_theta_limited_h
bimanual_lift_tray,right,right:0->1,5,63,3,0.0,0,5,5,0.9999999999999999,1.0,0.18612973398070748,0.3416881134129926,-0.15555837943228512,1,0,2,1.0,1.0,0.002812627261971371,0.0,0,1.0,1.0,1.0,1.0,0,1.0,1.0,1.0,1.0,0,1.0,1.0,1,1,0,1,ready_theta_limited_h
bimanual_lift_tray,right,right:1->2,5,18,3,0.0,0,5,5,1.0,1.0,0.6778434553965531,0.1681952106685357,0.5096482447280174,1,1,1,1.0,1.0,0.0014653059498082838,0.0,0,1.0,1.0,1.0,1.0,0,1.0,1.0,1.0,1.0,0,1.0,1.0,1,1,0,1,ready_theta_limited_h
bimanual_put_bottle_in_fridge,left,left:0->1,5,115,3,0.0,0,5,5,0.9999999999999999,1.0,0.8544887851865265,0.17944673389821575,0.6750420512883107,1,1,2,1.0,1.0,0.009571961430569436,0.0,0,1.0,1.0,1.0,1.0,2,1.0,1.0,1.0,0.9837273470148066,0,1.0,1.0,1,1,0,1,ready_theta_limited_h
bimanual_put_bottle_in_fridge,left,left:1->2,5,158,3,0.0,0,5,5,0.9999999999999999,0.9999999999999999,0.2634676669668635,0.01808037184073026,0.24538729512613328,1,1,4,1.0,1.0,0.0014024917579700726,0.0,1,1.0,1.0,1.0,0.9907700736178318,0,1.0,1.0,1.0,1.0,0,1.0,1.0,1,1,0,1,ready_theta_limited_h
bimanual_put_bottle_in_fridge,right,right:0->1,5,113,3,0.0,0,5,5,1.0,1.0,0.9717008623974687,0.7594298578555523,0.21227100454191639,1,1,2,1.0,1.0,0.9903090800730534,0.0,0,1.0,1.0,1.0,1.0,0,1.0,1.0,1.0,1.0,0,1.0,1.0,1,1,0,1,ready_theta_limited_h
bimanual_put_bottle_in_fridge,right,right:1->2,5,51,3,0.0,0,5,5,1.0,1.0,0.9999999999977874,3.4391515422456915e-12,0.9999999999943483,1,1,2,1.0,1.0,0.8168466978408429,0.0,0,1.0,1.0,1.0,1.0,0,1.0,1.0,1.0,1.0,0,1.0,1.0,2,1,1,1,ready_for_calibration
bimanual_sweep_to_dustpan,left,left:0->1,5,64,3,0.0,0,5,5,0.9999999999999999,1.0,0.032746946090520514,0.11766253966836906,-0.08491559357784856,1,0,4,1.0,1.0,0.000528414923646396,0.0,0,1.0,1.0,1.0,1.0,0,1.0,1.0,1.0,1.0,0,1.0,1.0,1,1,0,1,ready_theta_limited_h
bimanual_sweep_to_dustpan,left,left:1->2,5,12,3,0.0,0,5,5,0.9999999999999999,1.0,0.9606407033231292,1.5159503154877613e-10,0.9606407031715342,1,1,1,1.0,1.0,0.9943429218759435,0.0,0,1.0,1.0,1.0,1.0,0,1.0,1.0,1.0,1.0,0,1.0,1.0,1,1,0,1,ready_theta_limited_h
bimanual_sweep_to_dustpan,left,left:2->3,5,8,3,0.0,0,5,5,1.0,1.0,0.8555291978748285,0.1545994451428014,0.7009297527320271,1,1,1,1.0,1.0,0.9972149207423594,0.0,0,1.0,1.0,1.0,1.0,0,1.0,1.0,1.0,1.0,0,1.0,1.0,1,1,0,1,ready_theta_limited_h
bimanual_sweep_to_dustpan,left,left:3->4,5,24,3,0.0,0,5,5,1.0,1.0,0.671113355114592,0.1729884243361707,0.49812493077842135,1,1,1,1.0,1.0,0.7375406569964654,0.0,1,1.0,1.0,1.0,0.9822021535782098,0,1.0,1.0,1.0,1.0,0,1.0,1.0,1,1,0,1,ready_theta_limited_h
bimanual_sweep_to_dustpan,right,right:0->1,5,64,3,0.0,0,5,5,0.9999999999999999,1.0,1.5703681086393805e-06,4.57021404435224e-05,-4.413177233488302e-05,1,0,4,1.0,1.0,0.0014620326781198106,0.0,0,1.0,1.0,1.0,1.0,0,1.0,1.0,1.0,1.0,0,1.0,1.0,1,1,0,1,ready_theta_limited_h
bimanual_sweep_to_dustpan,right,right:1->2,5,12,3,0.06666666666666668,0,5,5,1.0,1.0,0.9997995123144907,0.015093406616206806,0.9847061056982839,1,1,1,1.0,1.0,0.0013254524842053771,0.0,0,1.0,1.0,1.0,1.0,0,1.0,1.0,1.0,1.0,0,1.0,1.0,1,1,0,1,ready_theta_limited_h
bimanual_sweep_to_dustpan,right,right:2->3,5,8,3,0.0,0,5,5,0.9999999999999999,1.0,0.9730942107542336,0.011365263516994312,0.9617289472372393,1,1,1,1.0,1.0,0.028206143213930238,0.0,0,1.0,1.0,1.0,1.0,0,1.0,1.0,1.0,1.0,0,1.0,1.0,2,1,1,1,ready_for_calibration
bimanual_sweep_to_dustpan,right,right:3->4,5,24,3,0.0,0,5,5,1.0,1.0,0.8177793571018126,0.16767154869824366,0.650107808403569,1,1,1,1.0,1.0,0.6173714108413023,0.0,0,1.0,1.0,1.0,1.0,0,1.0,1.0,1.0,1.0,0,1.0,1.0,2,1,1,1,ready_for_calibration
open_microwave,single,single:0->1,5,101,3,0.0,0,5,5,1.0,1.0,0.8560525006643356,0.7750024840146982,0.0810500166496374,1,1,2,1.0,1.0,0.011539227743873564,0.0,0,1.0,1.0,1.0,1.0,0,1.0,1.0,1.0,1.0,0,1.0,1.0,1,1,0,1,ready_theta_limited_h
open_microwave,single,single:1->2,5,13,3,0.0,0,5,5,1.0,1.0,0.6999293242508555,0.2253681580010687,0.47456116624978684,1,1,1,1.0,1.0,0.012968346289628795,0.0,0,1.0,1.0,1.0,1.0,0,1.0,1.0,1.0,1.0,0,1.0,1.0,1,1,0,1,ready_theta_limited_h
place_cups,single,single:0->1,5,59,3,0.0,0,5,5,0.9999999999999999,1.0,0.9844334297104474,0.00022581907066748278,0.98420761063978,1,1,3,1.0,1.0,0.07532619206719708,0.0,0,1.0,1.0,1.0,1.0,0,1.0,1.0,1.0,1.0,0,1.0,1.0,1,1,0,1,ready_theta_limited_h
place_cups,single,single:1->2,5,16,3,0.0,0,5,5,1.0,1.0,0.6769733253489552,0.2738926446195054,0.40308068072944975,1,1,1,1.0,1.0,0.7138315528013149,0.0,0,1.0,1.0,1.0,1.0,0,1.0,1.0,1.0,1.0,0,1.0,1.0,1,1,0,1,ready_theta_limited_h
place_cups,single,single:2->3,5,15,3,0.0,0,5,5,0.9999999999999999,1.0,0.3083590224964147,0.5252336597583399,-0.21687463726192518,1,0,2,1.0,1.0,0.16102597888221784,0.0,1,1.0,1.0,1.0,0.9821496833669494,1,1.0,1.0,1.0,0.9821936543297747,0,1.0,1.0,1,1,0,1,ready_theta_limited_h
place_cups,single,single:3->4,5,70,3,0.0,0,5,5,0.9999999999999999,1.0,0.460032452741372,0.11537726804974294,0.34465518469162904,1,1,1,1.0,1.0,0.3614656856762315,0.0,0,1.0,1.0,1.0,1.0,0,1.0,1.0,1.0,1.0,0,1.0,1.0,1,1,0,1,ready_theta_limited_h
stack_wine,single,single:0->1,5,72,3,0.0,0,5,5,1.0,1.0,0.9362406956198146,0.5166004665801179,0.41964022903969667,1,1,2,1.0,1.0,0.02451702760307123,0.0,0,1.0,1.0,1.0,1.0,0,1.0,1.0,1.0,1.0,0,1.0,1.0,1,1,0,1,ready_theta_limited_h
stack_wine,single,single:1->2,5,11,3,0.0,0,5,5,0.9999999999999999,1.0,0.9995711027661957,0.0001724070634531586,0.9993986957027425,1,1,1,1.0,1.0,0.8030247754244347,0.0,0,1.0,1.0,1.0,1.0,0,1.0,1.0,1.0,1.0,0,1.0,1.0,1,1,0,1,ready_theta_limited_h
stack_wine,single,single:2->3,5,59,3,0.0,0,5,5,0.9999999999999999,1.0,0.7105620401562395,0.4072774376178518,0.3032846025383877,1,1,1,1.0,1.0,0.036141905244478474,0.0,1,1.0,1.0,1.0,0.9999597517131747,0,1.0,1.0,1.0,1.0,0,1.0,1.0,1,1,0,1,ready_theta_limited_h
wipe_desk,single,single:0->1,5,74,3,0.0,0,5,5,0.9999999999999999,1.0,0.6774083587649399,0.14345743965455404,0.5339509191103858,1,1,2,1.0,1.0,0.054518775647815945,0.0,0,1.0,1.0,1.0,1.0,0,1.0,1.0,1.0,1.0,0,1.0,1.0,1,1,0,1,ready_theta_limited_h
wipe_desk,single,single:1->2,5,23,3,0.0,0,5,5,0.9999999999999999,1.0,0.7414203015713724,0.3001228530924944,0.441297448478878,1,1,1,1.0,1.0,0.09383168498450857,0.0,1,1.0,1.0,1.0,0.9992027790164894,0,1.0,1.0,1.0,1.0,0,1.0,1.0,1,1,0,1,ready_theta_limited_h
wipe_desk,single,single:2->3,5,143,3,0.0,0,5,5,0.9999999999999999,1.0,0.986502597749537,0.0005330186650775941,0.9859695790844594,1,1,2,1.0,1.0,0.15930185071297723,0.0,0,1.0,1.0,1.0,1.0,0,1.0,1.0,1.0,1.0,0,1.0,1.0,1,1,0,1,ready_theta_limited_h
