task,arm,demonstration,boundary,source_skill,target_skill,source_duration,terminal_window_size,final_progress_status,final_progress_supported,final_estimated_in_terminal_window,final_end_probability,final_best_explanation_score,terminal_supported_samples,terminal_sample_count,terminal_minimum_end_probability,nonterminal_maximum_end_probability,goal_count,goal_observed_all,goal_support_all,goal_minimum_compatibility,goal_minimum_log_margin,own_relation_count,own_relation_observed_all,own_relation_stable_all,own_relation_match_all,own_relation_minimum_target_probability,own_relation_minimum_compatibility,guard_relation_count,guard_relation_observed_all,guard_relation_stable_all,guard_relation_match_all,guard_relation_minimum_target_probability,guard_relation_minimum_compatibility,guard_scene_count,guard_scene_observed_all,guard_scene_support_all,guard_scene_minimum_compatibility,local_ready_streak,all_conditions_ready_streak
stack_wine,single,0,single:0->1,0,1,72,3,aligned,1,1,1.0,0.1530113161972513,3,3,0.9937368932107928,1.1812872353259782e-10,2,1,1,0.045561737267263716,0.6197003932376468,0,1,1,1,1.0,1.0,0,1,1,1,1.0,1.0,0,1,1,1.0,1,1
stack_wine,single,0,single:1->2,1,2,11,3,aligned,1,1,0.9999999999999999,0.9285390722216705,3,3,0.9999998050432356,0.0001724070634531586,1,1,1,0.9308605267985086,0.14772400690501541,0,1,1,1,1.0,1.0,0,1,1,1,1.0,1.0,0,1,1,1.0,1,1
stack_wine,single,0,single:2->3,2,3,59,3,aligned,1,1,1.0,0.0552284321537704,3,3,0.8774477853577345,0.04016032517374652,1,1,1,0.05522980678011766,0.42404978999290677,1,1,1,1,0.9999767092419793,0.6999906836967917,0,1,1,1,1.0,1.0,0,1,1,1.0,1,1
stack_wine,single,1,single:0->1,0,1,72,3,aligned,1,1,1.0,0.2660444527600444,3,3,0.9362406956198146,2.0318369110426017e-12,2,1,1,0.22909210730506938,0.21028696243763534,0,1,1,1,1.0,1.0,0,1,1,1,1.0,1.0,0,1,1,1.0,1,1
stack_wine,single,1,single:1->2,1,2,11,3,aligned,1,1,0.9999999999999999,0.8676370972532456,3,3,0.9999991408439285,1.8283907899464085e-05,1,1,1,0.869211583795273,0.07920107263502274,0,1,1,1,1.0,1.0,0,1,1,1,1.0,1.0,0,1,1,1.0,1,1
stack_wine,single,1,single:2->3,2,3,59,3,aligned,1,1,1.0000000000000002,0.03614100826745203,3,3,0.9951782588483171,0.4072774376178518,1,1,1,0.036141905244478474,0.0,1,1,1,1,0.9999767091948688,0.6999906836779475,0,1,1,1,1.0,1.0,0,1,1,1.0,3,3
stack_wine,single,2,single:0->1,0,1,72,3,aligned,1,1,1.0,0.27768696252495234,3,3,0.9999981759452945,0.5166004665801179,2,1,1,0.18564521013923554,0.0,0,1,1,1,1.0,1.0,0,1,1,1,1.0,1.0,0,1,1,1.0,1,1
stack_wine,single,2,single:1->2,1,2,11,3,aligned,1,1,1.0000000000000002,0.8651211396531778,3,3,0.9999701141666612,9.113098735791097e-08,1,1,1,0.8661724241634298,0.075698468680379,0,1,1,1,1.0,1.0,0,1,1,1,1.0,1.0,0,1,1,1.0,1,1
stack_wine,single,2,single:2->3,2,3,59,3,aligned,1,1,0.9999999999999999,0.30929076913835835,3,3,0.8730422172928545,0.04095542035423585,1,1,1,0.3092954625025236,2.146844014966188,1,1,1,1,0.9999942904871716,0.6999977161948686,0,1,1,1,1.0,1.0,0,1,1,1.0,2,2
stack_wine,single,3,single:0->1,0,1,72,3,aligned,1,1,1.0,0.11071624663435013,3,3,0.9997557291182301,2.781786313294129e-08,2,1,1,0.02451702760307123,0.0,0,1,1,1,1.0,1.0,0,1,1,1,1.0,1.0,0,1,1,1.0,1,1
stack_wine,single,3,single:1->2,1,2,11,3,aligned,1,1,1.0,0.8528121412237025,3,3,0.9999837473391028,5.4309675592761e-07,1,1,1,0.854739295819464,0.062410993300197504,0,1,1,1,1.0,1.0,0,1,1,1,1.0,1.0,0,1,1,1.0,1,1
stack_wine,single,3,single:2->3,2,3,59,3,low_confidence,1,1,1.0,0.5792175180072652,3,3,0.7105620401562395,0.01043054756985924,1,1,1,0.2802377710720007,2.0481854743973322,1,1,1,1,0.9999597517131747,0.6999839006852698,0,1,1,1,1.0,1.0,0,1,1,1.0,1,1
stack_wine,single,4,single:0->1,0,1,72,3,aligned,1,1,1.0,0.2219439088890052,3,3,0.9628882664433497,8.13373183026098e-16,2,1,1,0.21353741723138933,0.2173540842108821,0,1,1,1,1.0,1.0,0,1,1,1,1.0,1.0,0,1,1,1.0,1,1
stack_wine,single,4,single:1->2,1,2,11,3,aligned,1,1,1.0,0.8020191853903087,3,3,0.9995711027661957,7.2006712712246485e-09,1,1,1,0.8030247754244347,0.0,0,1,1,1,1.0,1.0,0,1,1,1,1.0,1.0,0,1,1,1.0,1,1
stack_wine,single,4,single:2->3,2,3,59,3,aligned,1,1,1.0,0.04958689807617522,3,3,0.8800713010677076,0.05038096411626771,1,1,1,0.04958788898333954,0.3162935776214688,1,1,1,1,0.9999910293616562,0.6999964117446625,0,1,1,1,1.0,1.0,0,1,1,1.0,1,1
place_cups,single,0,single:0->1,0,1,59,3,aligned,1,1,1.0,0.4863485271240257,3,3,0.9976383032868614,1.1884573514911835e-08,3,1,1,0.3674672676622468,1.1003094749467444,0,1,1,1,1.0,1.0,0,1,1,1,1.0,1.0,0,1,1,1.0,1,1
place_cups,single,0,single:1->2,1,2,16,3,aligned,1,1,1.0,0.8790388714856576,3,3,0.9695132885209797,0.2738926446195054,1,1,1,0.8823383503389054,0.21192873121196243,0,1,1,1,1.0,1.0,0,1,1,1,1.0,1.0,0,1,1,1.0,2,2
place_cups,single,0,single:2->3,2,3,15,3,aligned,1,1,1.0,0.2773606600466981,3,3,0.9687669510227548,0.20221043493991045,2,1,1,0.23533654513714422,0.0,1,1,1,1,0.9927758797895653,0.697110351915826,1,1,1,1,0.9931250344558079,0.6972500137823231,0,1,1,1.0,2,2
place_cups,single,0,single:3->4,3,4,70,3,aligned,1,1,1.0,0.5978511928851349,3,3,0.8898270216363797,0.09594824935983368,1,1,1,0.5988521826793952,0.5048478979941038,0,1,1,1,1.0,1.0,0,1,1,1,1.0,1.0,0,1,1,1.0,2,2
place_cups,single,1,single:0->1,0,1,59,3,aligned,1,1,0.9999999999999999,0.16165866486028999,3,3,0.9998151942395063,0.00022581907066748278,3,1,1,0.07532619206719708,0.0,0,1,1,1,1.0,1.0,0,1,1,1,1.0,1.0,0,1,1,1.0,1,1
place_cups,single,1,single:1->2,1,2,16,3,aligned,1,1,1.0,0.7756381058645186,3,3,0.6769733253489552,0.10685503526685229,1,1,1,0.7138315528013149,0.0,0,1,1,1,1.0,1.0,0,1,1,1,1.0,1.0,0,1,1,1.0,1,1
place_cups,single,1,single:2->3,2,3,15,3,low_confidence,1,1,1.0,0.9263369467391915,3,3,0.8612109765723538,0.0029629283933300236,2,1,1,0.4277304107057912,0.8219348903554007,1,1,1,1,0.9999973334869792,0.6999989333947916,1,1,1,1,0.9999635885170468,0.6999854354068187,0,1,1,1.0,1,1
place_cups,single,1,single:3->4,3,4,70,3,aligned,1,1,0.9999999999999999,0.43578253754648155,3,3,0.7741925829968397,0.11537726804974294,1,1,1,0.4365922567422559,0.18883273358614616,0,1,1,1,1.0,1.0,0,1,1,1,1.0,1.0,0,1,1,1.0,1,1
place_cups,single,2,single:0->1,0,1,59,3,aligned,1,1,1.0,0.21269055888084232,3,3,0.9998423271514891,1.3382129963183714e-06,3,1,1,0.1297363702249656,0.13183823193898903,0,1,1,1,1.0,1.0,0,1,1,1,1.0,1.0,0,1,1,1.0,1,1
place_cups,single,2,single:1->2,1,2,16,3,aligned,1,1,1.0000000000000002,0.822731233628213,3,3,0.9191844403781984,0.12354934845764534,1,1,1,0.8255867254084527,0.14544740583654914,0,1,1,1,1.0,1.0,0,1,1,1,1.0,1.0,0,1,1,1.0,2,2
place_cups,single,2,single:2->3,2,3,15,3,aligned,1,1,0.9999999999999999,0.6773282498501085,3,3,0.9756018381128491,0.03257526514064292,2,1,1,0.6385115587089273,0.9981237683099522,1,1,1,1,0.9849849885778853,0.6939939954311541,1,1,1,1,0.9848614392698026,0.693944575707921,0,1,1,1.0,3,3
place_cups,single,2,single:3->4,3,4,70,3,low_confidence,1,1,1.0,0.8910895425226726,3,3,0.8348378437674085,0.011871160366290505,1,1,1,0.3614656856762315,0.0,0,1,1,1,1.0,1.0,0,1,1,1,1.0,1.0,0,1,1,1.0,1,1
place_cups,single,3,single:0->1,0,1,59,3,aligned,1,1,1.0,0.1591012383493704,3,3,0.9844334297104474,6.979161708473019e-12,3,1,1,0.12710762612556656,0.0,0,1,1,1,1.0,1.0,0,1,1,1,1.0,1.0,0,1,1,1.0,1,1
place_cups,single,3,single:1->2,1,2,16,3,aligned,1,1,1.0,0.8343037395159092,3,3,0.9212444139292688,0.015229780185065142,1,1,1,0.8361423572191441,0.15815195923030956,0,1,1,1,1.0,1.0,0,1,1,1,1.0,1.0,0,1,1,1.0,1,1
place_cups,single,3,single:2->3,2,3,15,3,aligned,1,1,1.0,0.21613073465491134,3,3,0.9953651958077163,0.5252336597583399,2,1,1,0.16102597888221784,0.0,1,1,1,1,0.9821496833669494,0.6928598733467797,1,1,1,1,0.9821936543297747,0.6928774617319099,0,1,1,1.0,3,3
place_cups,single,3,single:3->4,3,4,70,3,aligned,1,1,1.0,0.7775154618516311,3,3,0.460032452741372,2.30835254061758e-09,1,1,1,0.6603271931859214,0.6025686599000508,0,1,1,1,1.0,1.0,0,1,1,1,1.0,1.0,0,1,1,1.0,1,1
place_cups,single,4,single:0->1,0,1,59,3,aligned,1,1,0.9999999999999999,0.21824690531195673,3,3,0.9983502910469187,3.1266915226066396e-07,3,1,1,0.12228139119377168,0.0,0,1,1,1,1.0,1.0,0,1,1,1,1.0,1.0,0,1,1,1.0,1,1
place_cups,single,4,single:1->2,1,2,16,3,aligned,1,1,1.0,0.8655323696355552,3,3,0.8391313000376003,0.0007272634259780699,1,1,1,0.8659500842362748,0.19318039941117604,0,1,1,1,1.0,1.0,0,1,1,1,1.0,1.0,0,1,1,1.0,1,1
place_cups,single,4,single:2->3,2,3,15,3,low_confidence,1,1,1.0,0.9787820849632081,3,3,0.3083590224964147,0.022134178941374837,2,1,1,0.6126944535974388,0.9746604325639012,1,1,1,1,0.999991855878467,0.6999967423513868,1,1,1,1,0.9999546370720075,0.6999818548288029,0,1,1,1.0,1,1
place_cups,single,4,single:3->4,3,4,70,3,aligned,1,1,0.9999999999999999,0.791459252337202,3,3,0.8890901004574249,0.0964910619359384,1,1,1,0.7938388452858829,0.7867137266148063,0,1,1,1,1.0,1.0,0,1,1,1,1.0,1.0,0,1,1,1.0,2,2
open_microwave,single,0,single:0->1,0,1,101,3,aligned,1,1,1.0,0.3559822773646489,3,3,0.9965361444479813,5.316454202623241e-09,2,1,1,0.23769641734922853,2.2867613525838486,0,1,1,1,1.0,1.0,0,1,1,1,1.0,1.0,0,1,1,1.0,1,1
open_microwave,single,0,single:1->2,1,2,13,3,aligned,1,1,1.0,0.9665892699012436,3,3,0.9297912482634593,0.0010698648657236675,1,1,1,0.9667901039845568,4.311471158912852,0,1,1,1,1.0,1.0,0,1,1,1,1.0,1.0,0,1,1,1.0,1,1
open_microwave,single,1,single:0->1,0,1,101,3,aligned,1,1,1.0,0.16593220809284873,3,3,0.9999999999574697,0.7750024840146982,2,1,1,0.09632313115402756,2.1219566251823707,0,1,1,1,1.0,1.0,0,1,1,1,1.0,1.0,0,1,1,1.0,2,2
open_microwave,single,1,single:1->2,1,2,13,3,aligned,1,1,1.0,0.20213681001655945,3,3,0.9772960210815334,0.03381514851731096,1,1,1,0.20233004043223884,2.7473895858450916,0,1,1,1,1.0,1.0,0,1,1,1,1.0,1.0,0,1,1,1.0,2,2
open_microwave,single,2,single:0->1,0,1,101,3,aligned,1,1,1.0,0.24686529847303115,3,3,0.9999670179791372,0.00026245133947607304,2,1,1,0.12982138228513515,1.6819265713407567,0,1,1,1,1.0,1.0,0,1,1,1,1.0,1.0,0,1,1,1.0,2,2
open_microwave,single,2,single:1->2,1,2,13,3,aligned,1,1,1.0,0.7457749058004807,3,3,0.9560783371867404,0.003808017653901724,1,1,1,0.7461750927639943,4.052449840486318,0,1,1,1,1.0,1.0,0,1,1,1,1.0,1.0,0,1,1,1.0,1,1
open_microwave,single,3,single:0->1,0,1,101,3,aligned,1,1,1.0,0.18775674007893078,3,3,0.9976140699790791,2.6696661168379423e-10,2,1,1,0.057682671898977446,0.8707238708467813,0,1,1,1,1.0,1.0,0,1,1,1,1.0,1.0,0,1,1,1.0,1,1
open_microwave,single,3,single:1->2,1,2,13,3,aligned,1,1,1.0000000000000002,0.5545089246107469,3,3,0.9891882121450744,0.2253681580010687,1,1,1,0.5554658808918337,3.757296770859192,0,1,1,1,1.0,1.0,0,1,1,1,1.0,1.0,0,1,1,1.0,2,2
open_microwave,single,4,single:0->1,0,1,101,3,backward_realignment,1,1,1.0,0.30848142441395227,3,3,0.8560525006643356,9.274679218912897e-07,2,1,1,0.011539227743873564,0.0,0,1,1,1,1.0,1.0,0,1,1,1,1.0,1.0,0,1,1,1.0,1,1
open_microwave,single,4,single:1->2,1,2,13,3,aligned,1,1,1.0,0.012954041151286955,3,3,0.6999293242508555,3.800304629065439e-06,1,1,1,0.012968346289628795,0.0,0,1,1,1,1.0,1.0,0,1,1,1,1.0,1.0,0,1,1,1.0,1,1
wipe_desk,single,0,single:0->1,0,1,74,3,aligned,1,1,0.9999999999999999,0.45248173525048735,3,3,0.9341762029092157,0.010326730463450728,2,1,1,0.2119750607878119,0.2517660480386752,0,1,1,1,1.0,1.0,0,1,1,1,1.0,1.0,0,1,1,1.0,1,1
wipe_desk,single,0,single:1->2,1,2,23,3,aligned,1,1,1.0,0.8947856210979375,3,3,0.8934975799292739,0.006456959949289152,1,1,1,0.8950106618881456,2.255333332765204,1,1,1,1,0.9995599813503523,0.6998239925401409,0,1,1,1,1.0,1.0,0,1,1,1.0,1,1
wipe_desk,single,0,single:2->3,2,3,143,3,aligned,1,1,1.0,0.777454759277488,3,3,0.9979610509982598,6.273998796337794e-07,2,1,1,0.7175322941048068,0.7008331719108725,0,1,1,1,1.0,1.0,0,1,1,1,1.0,1.0,0,1,1,1.0,1,1
wipe_desk,single,1,single:0->1,0,1,74,3,aligned,1,1,1.0,0.4980013362557121,3,3,0.9478802379570137,0.14345743965455404,2,1,1,0.25846199646181384,0.24994861171869331,0,1,1,1,1.0,1.0,0,1,1,1,1.0,1.0,0,1,1,1.0,2,2
wipe_desk,single,1,single:1->2,1,2,23,3,aligned,1,1,1.0,0.873908016124336,3,3,0.9288751875900823,0.06784840553224769,1,1,1,0.874169250842647,2.231771703751413,1,1,1,1,0.9994770340450623,0.6997908136180249,0,1,1,1,1.0,1.0,0,1,1,1.0,3,3
wipe_desk,single,1,single:2->3,2,3,143,3,aligned,1,1,1.0,0.8908609724798547,3,3,0.986502597749537,3.526101956648507e-10,2,1,1,0.8545371490239729,0.9588326270525371,0,1,1,1,1.0,1.0,0,1,1,1,1.0,1.0,0,1,1,1.0,1,1
wipe_desk,single,2,single:0->1,0,1,74,3,aligned,1,1,1.0,0.4239673846568406,3,3,0.9330438950970125,0.08560965338183611,2,1,1,0.1894079113768006,0.23726829224281687,0,1,1,1,1.0,1.0,0,1,1,1,1.0,1.0,0,1,1,1.0,1,1
wipe_desk,single,2,single:1->2,1,2,23,3,aligned,1,1,1.0,0.09383160771151643,3,3,0.9119159405031819,0.3001228530924944,1,1,1,0.09383168498450857,0.0,1,1,1,1,0.999998558826517,0.6999994235306068,0,1,1,1,1.0,1.0,0,1,1,1.0,3,3
wipe_desk,single,2,single:2->3,2,3,143,3,aligned,1,1,1.0,0.39266477777462105,3,3,0.9999499898729259,2.6886140163407044e-05,2,1,1,0.15930185071297723,0.0,0,1,1,1,1.0,1.0,0,1,1,1,1.0,1.0,0,1,1,1.0,1,1
wipe_desk,single,3,single:0->1,0,1,74,3,aligned,1,1,1.0,0.7225031270557901,3,3,0.921929255065494,0.03205926712402085,2,1,1,0.5479935912501201,0.23603159485903547,0,1,1,1,1.0,1.0,0,1,1,1,1.0,1.0,0,1,1,1.0,1,1
wipe_desk,single,3,single:1->2,1,2,23,3,aligned,1,1,0.9999999999999999,0.8390142610397093,3,3,0.8849863422136148,0.017909437470038033,1,1,1,0.8391175748753016,2.1908485097813895,1,1,1,1,0.9997845364967916,0.6999138145987166,0,1,1,1,1.0,1.0,0,1,1,1.0,1,1
wipe_desk,single,3,single:2->3,2,3,143,3,aligned,1,1,1.0,0.5763077158097689,3,3,0.9999951263726514,0.00035994819957357367,2,1,1,0.35601931259875813,0.0,0,1,1,1,1.0,1.0,0,1,1,1,1.0,1.0,0,1,1,1.0,1,1
wipe_desk,single,4,single:0->1,0,1,74,3,aligned,1,1,1.0,0.20292718051075284,3,3,0.6774083587649399,2.902067118468915e-06,2,1,1,0.054518775647815945,0.0,0,1,1,1,1.0,1.0,0,1,1,1,1.0,1.0,0,1,1,1.0,1,1
wipe_desk,single,4,single:1->2,1,2,23,3,aligned,1,1,1.0,0.770512310990957,3,3,0.7414203015713724,0.01717599489083278,1,1,1,0.6007367081206596,1.8566542866050568,1,1,1,1,0.9992027790164894,0.6996811116065956,0,1,1,1,1.0,1.0,0,1,1,1.0,1,1
wipe_desk,single,4,single:2->3,2,3,143,3,aligned,1,1,0.9999999999999999,0.7631455771018317,3,3,0.999935730765175,0.0005330186650775941,2,1,1,0.6163035783204686,0.9761925039978863,0,1,1,1,1.0,1.0,0,1,1,1,1.0,1.0,0,1,1,1.0,1,1
bimanual_handover_item,left,0,left:0->1,0,1,74,3,aligned,1,1,0.9999999999999999,0.10872516602960255,3,3,0.8372698916257715,0.1388059614308019,2,1,1,0.05235510733436895,1.4438698054416932,0,1,1,1,1.0,1.0,0,1,1,1,1.0,1.0,0,1,1,1.0,3,3
bimanual_handover_item,left,0,left:1->2,1,2,26,3,aligned,1,1,1.0,0.04129450290082012,3,3,0.6762068357729412,0.02477256720464152,1,1,1,0.04129734848215631,1.4204901910326768,0,1,1,1,1.0,1.0,0,1,1,1,1.0,1.0,0,1,1,1.0,3,3
bimanual_handover_item,left,0,left:2->3,2,3,45,3,aligned,1,1,1.0,0.12720321583798916,3,3,0.8574871553277552,0.15878955561262192,1,1,1,0.12720447835548226,4.059685701566665,1,1,1,1,0.9999977955056044,0.6999991182022417,1,1,1,1,0.9999788845574071,0.6999915538229629,0,1,1,1.0,3,3
bimanual_handover_item,left,0,left:3->4,3,4,45,3,aligned,1,1,1.0,0.2797348969225244,3,3,0.9843763148862222,0.003360761263902309,3,1,1,0.10471405051028647,0.1432830194263346,0,1,1,1,1.0,1.0,0,1,1,1,1.0,1.0,0,1,1,1.0,1,1
bimanual_handover_item,left,0,left:4->5,4,5,26,3,aligned,1,1,1.0,0.7086401939472736,3,3,0.8833852614220178,0.00046887743054223953,2,1,1,0.512978732222997,2.9961018549873586,0,1,1,1,1.0,1.0,0,1,1,1,1.0,1.0,0,1,1,1.0,1,1
bimanual_handover_item,left,0,left:5->6,5,6,22,3,aligned,1,1,0.9999999999999999,0.7006194528406474,3,3,0.8550396709563445,0.15429370543173473,2,1,1,0.5306477894634478,0.25667686092027253,0,1,1,1,1.0,1.0,0,1,1,1,1.0,1.0,0,1,1,1.0,3,3
bimanual_handover_item,left,1,left:0->1,0,1,74,3,low_confidence,1,1,1.0,0.038449173067360363,3,3,0.29971296957836163,0.00760701292570076,2,1,1,0.0013683052596762202,0.0,0,1,1,1,1.0,1.0,0,1,1,1,1.0,1.0,0,1,1,1.0,1,1
bimanual_handover_item,left,1,left:1->2,1,2,26,3,aligned,1,1,1.0,0.00997630274004334,3,3,0.9944731329303058,0.19340687947355825,1,1,1,0.009977255719028228,0.0,0,1,1,1,1.0,1.0,0,1,1,1,1.0,1.0,0,1,1,1.0,3,3
bimanual_handover_item,left,1,left:2->3,2,3,45,3,aligned,1,1,0.9999999999999999,0.06155196446088898,3,3,0.8631702110457676,0.16475505483879044,1,1,1,0.061552620967367945,3.3337822785955913,1,1,1,1,0.999998497766576,0.6999993991066303,1,1,1,1,0.999977472003416,0.6999909888013663,0,1,1,1.0,3,3
bimanual_handover_item,left,1,left:3->4,3,4,45,3,aligned,1,1,1.0,0.19133752775008403,3,3,0.8630416490554861,2.1267696225635004e-06,3,1,1,0.024406311130879522,0.0,0,1,1,1,1.0,1.0,0,1,1,1,1.0,1.0,0,1,1,1.0,1,1
bimanual_handover_item,left,1,left:4->5,4,5,26,3,aligned,1,1,1.0,0.6530694739041154,3,3,0.3834186553806236,0.03839378363798328,2,1,1,0.5312555371869024,2.797711717383031,0,1,1,1,1.0,1.0,0,1,1,1,1.0,1.0,0,1,1,1.0,1,1
bimanual_handover_item,left,1,left:5->6,5,6,22,3,aligned,1,1,1.0,0.7504054682526844,3,3,0.8549753598798843,0.1539785990371733,2,1,1,0.624443271574388,0.4194388921436385,0,1,1,1,1.0,1.0,0,1,1,1,1.0,1.0,0,1,1,1.0,3,3
bimanual_handover_item,left,2,left:0->1,0,1,74,3,aligned,1,1,1.0,0.2741412347961958,3,3,0.8850669714626543,0.13902485678852713,2,1,1,0.143879384949583,2.4547956253549152,0,1,1,1,1.0,1.0,0,1,1,1,1.0,1.0,0,1,1,1.0,3,3
bimanual_handover_item,left,2,left:1->2,1,2,26,3,aligned,1,1,0.9999999999999999,0.6169395573844684,3,3,0.9926666194820859,0.15493451427685806,1,1,1,0.6176975741343775,4.125691001569184,0,1,1,1,1.0,1.0,0,1,1,1,1.0,1.0,0,1,1,1.0,3,3
bimanual_handover_item,left,2,left:2->3,2,3,45,3,aligned,1,1,1.0,0.002194827843055489,3,3,0.8825425080880345,0.18101596303693177,1,1,1,0.002194842207866676,0.0,1,1,1,1,0.9999983164526415,0.6999993265810566,1,1,1,1,0.9999867139232117,0.6999946855692847,0,1,1,1.0,3,3
bimanual_handover_item,left,2,left:3->4,3,4,45,3,low_confidence,1,1,1.0,0.05214945673986361,3,3,0.34139801788383994,1.6438408967038553e-13,3,1,1,0.004484532001258718,0.0,0,1,1,1,1.0,1.0,0,1,1,1,1.0,1.0,0,1,1,1.0,1,1
bimanual_handover_item,left,2,left:4->5,4,5,26,3,aligned,1,1,1.0,0.7480856348347451,3,3,0.6026599127933167,0.0004345132337655715,2,1,1,0.5693125080725925,3.000404844586292,0,1,1,1,1.0,1.0,0,1,1,1,1.0,1.0,0,1,1,1.0,2,2
bimanual_handover_item,left,2,left:5->6,5,6,22,3,aligned,1,1,1.0,0.654085792389829,3,3,0.8554749501472791,0.1542718386967358,2,1,1,0.4720849181509561,0.1397371781584127,0,1,1,1,1.0,1.0,0,1,1,1,1.0,1.0,0,1,1,1.0,3,3
bimanual_handover_item,left,3,left:0->1,0,1,74,3,aligned,1,1,1.0,0.3731191561707834,3,3,0.781368777811568,0.051133100251013655,2,1,1,0.10781224908631688,3.8703682415377543,0,1,1,1,1.0,1.0,0,1,1,1,1.0,1.0,0,1,1,1.0,3,3
bimanual_handover_item,left,3,left:1->2,1,2,26,3,aligned,1,1,0.9999999999999999,0.12728547149920794,3,3,0.9908544981420373,0.20169518016000265,1,1,1,0.1273187205162311,2.5463855265653415,0,1,1,1,1.0,1.0,0,1,1,1,1.0,1.0,0,1,1,1.0,3,3
bimanual_handover_item,left,3,left:2->3,2,3,45,3,aligned,1,1,1.0,0.6063633990618642,3,3,0.856276493599088,0.15305966641195676,1,1,1,0.5928473005266165,5.598826706868116,1,1,1,1,0.9996813383503667,0.6998725353401467,1,1,1,1,0.999400864400183,0.6997603457600732,0,1,1,1.0,3,3
bimanual_handover_item,left,3,left:3->4,3,4,45,3,aligned,1,1,1.0,0.490153308097584,3,3,0.9398513392548439,0.0007290398059901111,3,1,1,0.15011180655993353,0.77320430973257,0,1,1,1,1.0,1.0,0,1,1,1,1.0,1.0,0,1,1,1.0,1,1
bimanual_handover_item,left,3,left:4->5,4,5,26,3,low_confidence,1,1,1.0,0.7705897159222048,3,3,0.9718434852482907,0.0030189611204159772,2,1,1,0.24806592140322095,1.6940369437404144,0,1,1,1,1.0,1.0,0,1,1,1,1.0,1.0,0,1,1,1.0,1,1
bimanual_handover_item,left,3,left:5->6,5,6,22,3,aligned,1,1,1.0,0.4978101029862715,3,3,0.8546592045189123,0.1532511141768173,2,1,1,0.28875410395908796,0.521234158297446,0,1,1,1,1.0,1.0,0,1,1,1,1.0,1.0,0,1,1,1.0,3,3
bimanual_handover_item,left,4,left:0->1,0,1,74,3,aligned,1,1,0.9999999999999999,0.21556460068364655,3,3,0.9089812433047934,0.19904846588498132,2,1,1,0.15055436114443468,2.5001445065477874,0,1,1,1,1.0,1.0,0,1,1,1,1.0,1.0,0,1,1,1.0,3,3
bimanual_handover_item,left,4,left:1->2,1,2,26,3,aligned,1,1,1.0,0.29688308194159657,3,3,0.805094774564324,0.04491241124324873,1,1,1,0.2906104364058404,3.371675646115225,0,1,1,1,1.0,1.0,0,1,1,1,1.0,1.0,0,1,1,1.0,3,3
bimanual_handover_item,left,4,left:2->3,2,3,45,3,aligned,1,1,1.0,0.6042804590204388,3,3,0.8625767408590012,0.16095559605781345,1,1,1,0.6044121930604084,5.61814624839744,1,1,1,1,0.9997993109468422,0.6999197243787367,1,1,1,1,0.9995965913726368,0.6998386365490548,0,1,1,1.0,3,3
bimanual_handover_item,left,4,left:3->4,3,4,45,3,low_confidence,1,1,0.9999999999999999,0.6424462067671957,3,3,0.4593361925685393,1.2544346957827804e-11,3,1,1,0.3026866111252709,0.02143222882842366,0,1,1,1,1.0,1.0,0,1,1,1,1.0,1.0,0,1,1,1.0,1,1
bimanual_handover_item,left,4,left:4->5,4,5,26,3,aligned,1,1,1.0,0.028698040812890884,3,3,0.9999997680869647,0.9710031916898915,2,1,1,0.01692494107393188,0.0,0,1,1,1,1.0,1.0,0,1,1,1,1.0,1.0,0,1,1,1.0,3,3
bimanual_handover_item,left,4,left:5->6,5,6,22,3,aligned,1,1,0.9999999999999999,0.256942654762707,3,3,0.8551170026766705,0.15399511339167293,2,1,1,0.17145854534162153,0.0,0,1,1,1,1.0,1.0,0,1,1,1,1.0,1.0,0,1,1,1.0,2,2
bimanual_handover_item,right,0,right:0->1,0,1,74,3,aligned,1,1,1.0,0.817142143710235,3,3,0.6845077633067441,0.003858589796847205,1,1,1,0.7205161700745448,5.34626730574568,0,1,1,1,1.0,1.0,0,1,1,1,1.0,1.0,0,1,1,1.0,1,1
bimanual_handover_item,right,0,right:1->2,1,2,26,3,aligned,1,1,0.9999999999999999,0.9212149722454226,3,3,0.8556034554823042,0.15436976343868847,2,1,1,0.9031207206260228,0.004650581915925045,0,1,1,1,1.0,1.0,0,1,1,1,1.0,1.0,0,1,1,1.0,3,3
bimanual_handover_item,right,0,right:2->3,2,3,45,3,aligned,1,1,1.0,0.9679283205080026,3,3,0.8555954679231491,0.15444651287067196,1,1,1,0.9980028985425584,0.0,0,1,1,1,1.0,1.0,0,1,1,1,1.0,1.0,0,1,1,1.0,3,3
bimanual_handover_item,right,0,right:3->4,3,4,45,3,aligned,1,1,0.9999999999999999,0.9683855525751123,3,3,0.8555718035508751,0.15443579510394184,1,1,1,0.9988251830120275,0.00034446101056317957,0,1,1,1,1.0,1.0,0,1,1,1,1.0,1.0,0,1,1,1.0,3,3
bimanual_handover_item,right,0,right:4->5,4,5,26,3,aligned,1,1,1.0,0.9689773730592353,3,3,0.8555874017876872,0.1544325167027074,1,1,1,0.9988467772574308,0.0010150675541069631,0,1,1,1,1.0,1.0,0,1,1,1,1.0,1.0,0,1,1,1.0,1,1
bimanual_handover_item,right,0,right:5->6,5,6,22,3,aligned,1,1,1.0,0.29237802434701166,3,3,0.710088772246426,1.1248945893816178e-06,1,1,1,0.2949030495232741,0.0,0,1,1,1,1.0,1.0,0,1,1,1,1.0,1.0,0,1,1,1.0,2,2
bimanual_handover_item,right,1,right:0->1,0,1,74,3,aligned,1,1,0.9999999999999999,0.1743466184138653,3,3,0.9542789733805096,0.3317804071968377,1,1,1,0.15685668705377542,3.821631830443163,0,1,1,1,1.0,1.0,0,1,1,1,1.0,1.0,0,1,1,1.0,3,3
bimanual_handover_item,right,1,right:1->2,1,2,26,3,aligned,1,1,0.9999999999999999,0.5702824447215052,3,3,0.8568554523556304,0.15560483886033244,2,1,1,0.34744069632208874,0.0031296163214165063,0,1,1,1,1.0,1.0,0,1,1,1,1.0,1.0,0,1,1,1.0,3,3
bimanual_handover_item,right,1,right:2->3,2,3,45,3,aligned,1,1,0.9999999999999999,0.9691833045945065,3,3,0.8555973698835414,0.154461815913031,1,1,1,0.999368591685995,0.0013674919540207497,0,1,1,1,1.0,1.0,0,1,1,1,1.0,1.0,0,1,1,1.0,3,3
bimanual_handover_item,right,1,right:3->4,3,4,45,3,aligned,1,1,1.0,0.9696196940590605,3,3,0.8556177291590658,0.15449423475536878,1,1,1,0.9992000361508664,0.0007196850210462458,0,1,1,1,1.0,1.0,0,1,1,1,1.0,1.0,0,1,1,1.0,3,3
bimanual_handover_item,right,1,right:4->5,4,5,26,3,aligned,1,1,1.0,0.968872245644628,3,3,0.8556057178722679,0.15446642048436116,1,1,1,0.9998014721241448,0.0019704091393819567,0,1,1,1,1.0,1.0,0,1,1,1,1.0,1.0,0,1,1,1.0,3,3
bimanual_handover_item,right,1,right:5->6,5,6,22,3,aligned,1,1,1.0,0.9174637899853628,3,3,0.9601522592143318,0.02809930837485343,1,1,1,0.9256964274703876,1.143900053623753,0,1,1,1,1.0,1.0,0,1,1,1,1.0,1.0,0,1,1,1.0,2,2
bimanual_handover_item,right,2,right:0->1,0,1,74,3,aligned,1,1,1.0,0.6475797982380703,3,3,0.9380066379276257,0.20563820543102776,1,1,1,0.6537496323688973,5.249023945152221,0,1,1,1,1.0,1.0,0,1,1,1,1.0,1.0,0,1,1,1.0,3,3
bimanual_handover_item,right,2,right:1->2,1,2,26,3,aligned,1,1,1.0,0.8768106347184806,3,3,0.8558908732421708,0.15463440178157398,2,1,1,0.8212435498291977,0.0047096470677061575,0,1,1,1,1.0,1.0,0,1,1,1,1.0,1.0,0,1,1,1.0,3,3
bimanual_handover_item,right,2,right:2->3,2,3,45,3,aligned,1,1,1.0,0.9692854553137418,3,3,0.8555953805484134,0.15445278389350986,1,1,1,0.9991942331915337,0.0011930079024864426,0,1,1,1,1.0,1.0,0,1,1,1,1.0,1.0,0,1,1,1.0,3,3
bimanual_handover_item,right,2,right:3->4,3,4,45,3,aligned,1,1,1.0,0.9682076884065052,3,3,0.8555704742318431,0.15439694736042606,1,1,1,0.9991333798044244,0.0006529730174236192,0,1,1,1,1.0,1.0,0,1,1,1,1.0,1.0,0,1,1,1.0,3,3
bimanual_handover_item,right,2,right:4->5,4,5,26,3,aligned,1,1,0.9999999999999999,0.9687415144245058,3,3,0.8555879208253425,0.1544465224667878,1,1,1,0.9986583066406246,0.0008263613456946928,0,1,1,1,1.0,1.0,0,1,1,1,1.0,1.0,0,1,1,1.0,3,3
bimanual_handover_item,right,2,right:5->6,5,6,22,3,aligned,1,1,1.0,0.8577976321352638,3,3,0.9529724308456892,7.053366205454572e-11,1,1,1,0.8659019996380716,1.0771254476347423,0,1,1,1,1.0,1.0,0,1,1,1,1.0,1.0,0,1,1,1.0,3,3
bimanual_handover_item,right,3,right:0->1,0,1,74,3,aligned,1,1,1.0,0.49617571233792995,3,3,0.9476918274859532,0.251200927592952,1,1,1,0.5008481227641547,4.982602353224724,0,1,1,1,1.0,1.0,0,1,1,1,1.0,1.0,0,1,1,1.0,3,3
bimanual_handover_item,right,3,right:1->2,1,2,26,3,aligned,1,1,1.0,0.7141009065264838,3,3,0.8562135759149514,0.1550224156670167,2,1,1,0.5441836720881539,0.005966844010835359,0,1,1,1,1.0,1.0,0,1,1,1,1.0,1.0,0,1,1,1.0,3,3
bimanual_handover_item,right,3,right:2->3,2,3,45,3,aligned,1,1,1.0,0.9685456818282837,3,3,0.8556079118774769,0.15447463116072693,1,1,1,0.998971444367198,0.0009700143342499246,0,1,1,1,1.0,1.0,0,1,1,1,1.0,1.0,0,1,1,1.0,2,2
bimanual_handover_item,right,3,right:3->4,3,4,45,3,aligned,1,1,1.0,0.9694200934175589,3,3,0.855607076115624,0.1543729094539109,1,1,1,0.9996551644386392,0.0011750744355225606,0,1,1,1,1.0,1.0,0,1,1,1,1.0,1.0,0,1,1,1.0,3,3
bimanual_handover_item,right,3,right:4->5,4,5,26,3,aligned,1,1,1.0,0.9688235635522146,3,3,0.8555886017598886,0.15446173422945325,1,1,1,0.9995441014034163,0.0017129539172202612,0,1,1,1,1.0,1.0,0,1,1,1,1.0,1.0,0,1,1,1.0,3,3
bimanual_handover_item,right,3,right:5->6,5,6,22,3,aligned,1,1,1.0,0.8220325264662386,3,3,0.9500826386965915,2.1123631936912642e-12,1,1,1,0.8298995177153058,1.0346583321327216,0,1,1,1,1.0,1.0,0,1,1,1,1.0,1.0,0,1,1,1.0,2,2
bimanual_handover_item,right,4,right:0->1,0,1,74,3,backward_realignment,1,1,0.9999999999999999,0.5965098202857501,3,3,0.16026033024005454,4.4624569012435645e-07,1,1,1,0.0034339156431895945,0.0,0,1,1,1,1.0,1.0,0,1,1,1,1.0,1.0,0,1,1,1.0,1,1
bimanual_handover_item,right,4,right:1->2,1,2,26,3,aligned,1,1,1.0,0.12984629726833596,3,3,0.8563534347101884,0.15509739379136722,2,1,1,0.01745255637917421,0.0,0,1,1,1,1.0,1.0,0,1,1,1,1.0,1.0,0,1,1,1.0,1,1
bimanual_handover_item,right,4,right:2->3,2,3,45,3,aligned,1,1,1.0,0.9687806508124431,3,3,0.8556020466649965,0.1544781236536241,1,1,1,0.9986327604050127,0.0006309238345139079,0,1,1,1,1.0,1.0,0,1,1,1,1.0,1.0,0,1,1,1.0,3,3
bimanual_handover_item,right,4,right:3->4,3,4,45,3,aligned,1,1,1.0,0.9681742898476329,3,3,0.8556962193623493,0.15452657507988948,1,1,1,0.9984811862740036,0.0,0,1,1,1,1.0,1.0,0,1,1,1,1.0,1.0,0,1,1,1.0,2,2
bimanual_handover_item,right,4,right:4->5,4,5,26,3,aligned,1,1,1.0,0.9677371474188542,3,3,0.8556332035961016,0.15449319124959693,1,1,1,0.997833395726127,0.0,0,1,1,1,1.0,1.0,0,1,1,1,1.0,1.0,0,1,1,1.0,3,3
bimanual_handover_item,right,4,right:5->6,5,6,22,3,aligned,1,1,1.0,0.9449316766262423,3,3,0.9820354743563657,0.5564475587848903,1,1,1,0.9533827061433112,1.173370113676647,0,1,1,1,1.0,1.0,0,1,1,1,1.0,1.0,0,1,1,1.0,2,2
bimanual_lift_tray,left,0,left:0->1,0,1,63,3,aligned,1,1,0.9999999999999999,0.6084355635765872,3,3,0.9662927889588432,0.24214128501796844,3,1,1,0.5482803724626487,5.161714634147614,0,1,1,1,1.0,1.0,0,1,1,1,1.0,1.0,0,1,1,1.0,3,3
bimanual_lift_tray,left,0,left:1->2,1,2,18,3,aligned,1,1,1.0,0.536040050330381,3,3,0.733873458401299,0.012306096643968945,1,1,1,0.4690646851988832,5.458686702956534,0,1,1,1,1.0,1.0,0,1,1,1,1.0,1.0,0,1,1,1.0,1,1
bimanual_lift_tray,left,1,left:0->1,0,1,63,3,low_confidence,1,1,0.9999999999999999,0.20658483129256294,3,3,0.5871785358616539,0.009088716081043087,3,1,1,0.0014233516966841724,0.0,0,1,1,1,1.0,1.0,0,1,1,1,1.0,1.0,0,1,1,1.0,1,1
bimanual_lift_tray,left,1,left:1->2,1,2,18,3,aligned,1,1,0.9999999999999999,0.5652267899461115,3,3,0.8260486485890179,0.18418486493978473,1,1,1,0.5653740885918666,5.645433680260439,0,1,1,1,1.0,1.0,0,1,1,1,1.0,1.0,0,1,1,1.0,2,2
bimanual_lift_tray,left,2,left:0->1,0,1,63,3,aligned,1,1,0.9999999999999999,0.26323750474012625,3,3,0.9203599162174211,0.013007635129260682,3,1,1,0.08166508320858759,3.0727233334649497,0,1,1,1,1.0,1.0,0,1,1,1,1.0,1.0,0,1,1,1.0,3,3
bimanual_lift_tray,left,2,left:1->2,1,2,18,3,aligned,1,1,1.0,0.645136245193161,3,3,0.8178664382673786,0.024832120505084643,1,1,1,0.6451798716669322,5.777475265579987,0,1,1,1,1.0,1.0,0,1,1,1,1.0,1.0,0,1,1,1.0,2,2
bimanual_lift_tray,left,3,left:0->1,0,1,63,3,low_confidence,1,1,0.9999999999999999,0.038424230589126473,3,3,0.9444732675571713,0.007711211042067745,3,1,1,0.0006178430496769024,0.0,0,1,1,1,1.0,1.0,0,1,1,1,1.0,1.0,0,1,1,1.0,1,1
bimanual_lift_tray,left,3,left:1->2,1,2,18,3,aligned,1,1,1.0,0.0019975956889717148,3,3,0.8765612397733382,0.06250166541003215,1,1,1,0.001997816202034171,0.0,0,1,1,1,1.0,1.0,0,1,1,1,1.0,1.0,0,1,1,1.0,1,1
bimanual_lift_tray,left,4,left:0->1,0,1,63,3,aligned,1,1,1.0,0.3180971877059179,3,3,0.896732769239958,0.0018504217752381466,3,1,1,0.13714273628047965,3.591118936399557,0,1,1,1,1.0,1.0,0,1,1,1,1.0,1.0,0,1,1,1.0,3,3
bimanual_lift_tray,left,4,left:1->2,1,2,18,3,aligned,1,1,1.0,0.22404329028872952,3,3,0.8835349948293469,0.1714992900245976,1,1,1,0.2241738602799892,4.72036785605124,0,1,1,1,1.0,1.0,0,1,1,1,1.0,1.0,0,1,1,1.0,3,3
bimanual_lift_tray,right,0,right:0->1,0,1,63,3,aligned,1,1,1.0,0.47737783749426105,3,3,0.780914865923102,0.03322319961435968,2,1,1,0.29970862966929784,2.7614980787995123,0,1,1,1,1.0,1.0,0,1,1,1,1.0,1.0,0,1,1,1.0,2,2
bimanual_lift_tray,right,0,right:1->2,1,2,18,3,aligned,1,1,1.0,0.7499264320197028,3,3,0.9999223076721259,0.08799386604999873,1,1,1,0.7602549142030119,6.251590172323112,0,1,1,1,1.0,1.0,0,1,1,1,1.0,1.0,0,1,1,1.0,3,3
bimanual_lift_tray,right,1,right:0->1,0,1,63,3,backward_realignment,1,1,1.0,0.07863991945114845,3,3,0.18612973398070748,0.0009755027102947209,2,1,1,0.002812627261971371,0.0,0,1,1,1,1.0,1.0,0,1,1,1,1.0,1.0,0,1,1,1.0,1,1
bimanual_lift_tray,right,1,right:1->2,1,2,18,3,aligned,1,1,1.0,0.001466717785558129,3,3,0.8275860511535961,0.1681952106685357,1,1,1,0.0014653059498082838,0.0,0,1,1,1,1.0,1.0,0,1,1,1,1.0,1.0,0,1,1,1.0,1,1
bimanual_lift_tray,right,2,right:0->1,0,1,63,3,aligned,1,1,1.0,0.4871925572144958,3,3,0.8207265651751661,0.024828812152632745,2,1,1,0.3378263143530265,2.8812192118237796,0,1,1,1,1.0,1.0,0,1,1,1,1.0,1.0,0,1,1,1.0,3,3
bimanual_lift_tray,right,2,right:1->2,1,2,18,3,aligned,1,1,1.0,0.6081260360994895,3,3,0.9988182056644245,0.0949085481409935,1,1,1,0.6170497426602565,6.0428860408847385,0,1,1,1,1.0,1.0,0,1,1,1,1.0,1.0,0,1,1,1.0,3,3
bimanual_lift_tray,right,3,right:0->1,0,1,63,3,aligned,1,1,0.9999999999999999,0.1056918913516384,3,3,0.9568752142323536,0.3416881134129926,2,1,1,0.0765031004820248,2.0567368716274146,0,1,1,1,1.0,1.0,0,1,1,1,1.0,1.0,0,1,1,1.0,3,3
bimanual_lift_tray,right,3,right:1->2,1,2,18,3,aligned,1,1,1.0,0.12983316126662603,3,3,0.9996502413002607,0.12206470202080869,1,1,1,0.12809476763606184,4.470706511527464,0,1,1,1,1.0,1.0,0,1,1,1,1.0,1.0,0,1,1,1.0,3,3
bimanual_lift_tray,right,4,right:0->1,0,1,63,3,low_confidence,1,1,1.0,0.06752661498059687,3,3,0.7483864319510131,0.004424463076527968,2,1,1,0.018940693298554127,0.0,0,1,1,1,1.0,1.0,0,1,1,1,1.0,1.0,0,1,1,1.0,1,1
bimanual_lift_tray,right,4,right:1->2,1,2,18,3,aligned,1,1,1.0,0.31710401143086075,3,3,0.6778434553965531,0.08236811053590776,1,1,1,0.31982590751248896,5.385713054405713,0,1,1,1,1.0,1.0,0,1,1,1,1.0,1.0,0,1,1,1.0,3,3
bimanual_put_bottle_in_fridge,left,0,left:0->1,0,1,115,3,aligned,1,1,1.0,0.0958258977119098,3,3,0.9029156214073881,0.02387302525355297,2,1,1,0.009571961430569436,0.0,0,1,1,1,1.0,1.0,2,1,1,1,0.9928424237548037,0.6971369695019214,0,1,1,1.0,1,1
bimanual_put_bottle_in_fridge,left,0,left:1->2,1,2,158,3,aligned,1,1,1.0,0.08664579203284906,3,3,0.8931465859316652,1.0574855933416054e-06,4,1,1,0.0014024917579700726,0.0,1,1,1,1,0.9943382079572269,0.6977352831828907,0,1,1,1,1.0,1.0,0,1,1,1.0,1,1
bimanual_put_bottle_in_fridge,left,1,left:0->1,0,1,115,3,aligned,1,1,1.0,0.4723460097253002,3,3,0.9433170971816437,1.4348432486517481e-12,2,1,1,0.3194342516489988,0.026756889825279018,0,1,1,1,1.0,1.0,2,1,1,1,0.9837273470148066,0.6934909388059226,0,1,1,1.0,3,3
bimanual_put_bottle_in_fridge,left,1,left:1->2,1,2,158,3,aligned,1,1,0.9999999999999999,0.5552647407598089,3,3,0.9990902456272595,0.01808037184073026,4,1,1,0.23334497497947188,0.8658879558450252,1,1,1,1,0.9922177881729312,0.6968871152691724,0,1,1,1,1.0,1.0,0,1,1,1.0,2,2
bimanual_put_bottle_in_fridge,left,2,left:0->1,0,1,115,3,aligned,1,1,0.9999999999999999,0.22725281453497304,3,3,0.8544887851865265,0.0003329917625617494,2,1,1,0.05602424995179932,0.011355310659666884,0,1,1,1,1.0,1.0,2,1,1,1,0.9962390332494258,0.6984956132997702,0,1,1,1.0,1,1
bimanual_put_bottle_in_fridge,left,2,left:1->2,1,2,158,3,aligned,1,1,0.9999999999999999,0.640674038389084,3,3,0.9990019896332675,0.015684237482103503,4,1,1,0.43071772804340197,0.8462090351656641,1,1,1,1,0.9907700736178318,0.6963080294471327,0,1,1,1,1.0,1.0,0,1,1,1.0,2,2
bimanual_put_bottle_in_fridge,left,3,left:0->1,0,1,115,3,aligned,1,1,1.0,0.4088912684058206,3,3,0.9362689495306526,0.005163002436881808,2,1,1,0.22736935230978803,0.0809876121284745,0,1,1,1,1.0,1.0,2,1,1,1,0.9840550751376962,0.6936220300550784,0,1,1,1.0,2,2
bimanual_put_bottle_in_fridge,left,3,left:1->2,1,2,158,3,aligned,1,1,1.0,0.5365651721009155,3,3,0.7438252051321076,1.487297513112324e-09,4,1,1,0.26970078859319785,0.6970677647270378,1,1,1,1,0.9962840707882341,0.6985136283152935,0,1,1,1,1.0,1.0,0,1,1,1.0,1,1
bimanual_put_bottle_in_fridge,left,4,left:0->1,0,1,115,3,aligned,1,1,1.0,0.4860696965929172,3,3,0.8656091788144684,0.17944673389821575,2,1,1,0.2412617602050583,0.0,0,1,1,1,1.0,1.0,2,1,1,1,0.9947798465525433,0.6979119386210173,0,1,1,1.0,1,1
bimanual_put_bottle_in_fridge,left,4,left:1->2,1,2,158,3,aligned,1,1,0.9999999999999999,0.2953373165706349,3,3,0.2634676669668635,7.019677782172743e-56,4,1,1,0.0805381876011909,0.0,1,1,1,1,0.9982686819646319,0.6993074727858527,0,1,1,1,1.0,1.0,0,1,1,1.0,1,1
bimanual_put_bottle_in_fridge,right,0,right:0->1,0,1,113,3,aligned,1,1,1.0,0.9993159496266868,3,3,0.9963219502698724,0.7594298578555523,2,1,1,0.9991277639305834,0.007735584594470879,0,1,1,1,1.0,1.0,0,1,1,1,1.0,1.0,0,1,1,1.0,1,1
bimanual_put_bottle_in_fridge,right,0,right:1->2,1,2,51,3,aligned,1,1,1.0,0.8974007308320452,3,3,0.9999999999999662,3.4391515422456915e-12,2,1,1,0.8739781019741687,0.0,0,1,1,1,1.0,1.0,0,1,1,1,1.0,1.0,0,1,1,1.0,2,2
bimanual_put_bottle_in_fridge,right,1,right:0->1,0,1,113,3,aligned,1,1,1.0,0.9969614271988597,3,3,0.9965248647284143,2.3575280452329306e-269,2,1,1,0.9965048574884996,0.005649950239074997,0,1,1,1,1.0,1.0,0,1,1,1,1.0,1.0,0,1,1,1.0,1,1
bimanual_put_bottle_in_fridge,right,1,right:1->2,1,2,51,3,aligned,1,1,1.0,0.9521708950101757,3,3,0.9999999999989975,6.34851864461358e-13,2,1,1,0.9557181994038316,0.0292392356135025,0,1,1,1,1.0,1.0,0,1,1,1,1.0,1.0,0,1,1,1.0,2,2
bimanual_put_bottle_in_fridge,right,2,right:0->1,0,1,113,3,aligned,1,1,1.0,0.9910559727408197,3,3,0.9777706958456167,3.561205235341842e-65,2,1,1,0.9903090800730534,0.0,0,1,1,1,1.0,1.0,0,1,1,1,1.0,1.0,0,1,1,1.0,1,1
bimanual_put_bottle_in_fridge,right,2,right:1->2,1,2,51,3,aligned,1,1,1.0,0.890807191625937,3,3,0.9999999999984694,8.808982506224451e-14,2,1,1,0.8168466978408429,0.0,0,1,1,1,1.0,1.0,0,1,1,1,1.0,1.0,0,1,1,1.0,2,2
bimanual_put_bottle_in_fridge,right,3,right:0->1,0,1,113,3,aligned,1,1,1.0,0.9984834894509368,3,3,0.9717008623974687,4.989739453645745e-65,2,1,1,0.9983068289466134,0.00646055071479168,0,1,1,1,1.0,1.0,0,1,1,1,1.0,1.0,0,1,1,1.0,1,1
bimanual_put_bottle_in_fridge,right,3,right:1->2,1,2,51,3,aligned,1,1,1.0,0.979698469163115,3,3,0.9999999999990745,4.335477649656533e-13,2,1,1,0.9808715243654988,0.06029230097868776,0,1,1,1,1.0,1.0,0,1,1,1,1.0,1.0,0,1,1,1.0,2,2
bimanual_put_bottle_in_fridge,right,4,right:0->1,0,1,113,3,aligned,1,1,1.0,0.9958088098404259,3,3,0.9959868947074451,0.7508671768485563,2,1,1,0.9954584077560795,0.0036032173547013713,0,1,1,1,1.0,1.0,0,1,1,1,1.0,1.0,0,1,1,1.0,1,1
bimanual_put_bottle_in_fridge,right,4,right:1->2,1,2,51,3,aligned,1,1,1.0,0.9751215442763084,3,3,0.9999999999977874,3.9852541147295227e-13,2,1,1,0.9837855973439631,0.04872637982781214,0,1,1,1,1.0,1.0,0,1,1,1,1.0,1.0,0,1,1,1.0,2,2
bimanual_sweep_to_dustpan,left,0,left:0->1,0,1,64,3,aligned,1,1,0.9999999999999999,0.5590657536579152,3,3,0.9999946709535732,0.11766253966836906,4,1,1,0.10881195320959135,0.009984215143923336,0,1,1,1,1.0,1.0,0,1,1,1,1.0,1.0,0,1,1,1.0,2,2
bimanual_sweep_to_dustpan,left,0,left:1->2,1,2,12,3,aligned,1,1,1.0000000000000002,0.9974358062402116,3,3,0.9872279556744127,1.0698404931693286e-10,1,1,1,0.9975304262816248,0.0032005150372569346,0,1,1,1,1.0,1.0,0,1,1,1,1.0,1.0,0,1,1,1.0,1,1
bimanual_sweep_to_dustpan,left,0,left:2->3,2,3,8,3,aligned,1,1,1.0,0.9710819531105764,3,3,0.8556029459230481,0.15450125795389483,1,1,1,0.9977968155951666,0.000583350404497196,0,1,1,1,1.0,1.0,0,1,1,1,1.0,1.0,0,1,1,1.0,3,3
bimanual_sweep_to_dustpan,left,0,left:3->4,3,4,24,3,aligned,1,1,1.0,0.9507426790852366,3,3,0.8835688524783771,0.16622473189143347,1,1,1,0.9606623335691767,0.2643019738175738,1,1,1,1,0.9832945987297173,0.6933178394918869,0,1,1,1,1.0,1.0,0,1,1,1.0,2,2
bimanual_sweep_to_dustpan,left,1,left:0->1,0,1,64,3,aligned,1,1,1.0,0.3966757934925335,3,3,0.032746946090520514,3.3152859497428585e-39,4,1,1,0.000528414923646396,0.0,0,1,1,1,1.0,1.0,0,1,1,1,1.0,1.0,0,1,1,1.0,1,1
bimanual_sweep_to_dustpan,left,1,left:1->2,1,2,12,3,aligned,1,1,1.0,0.9942582578885255,3,3,0.9606407033231292,8.904347013320963e-67,1,1,1,0.9943429218759435,0.0,0,1,1,1,1.0,1.0,0,1,1,1,1.0,1.0,0,1,1,1.0,1,1
bimanual_sweep_to_dustpan,left,1,left:2->3,2,3,8,3,aligned,1,1,1.0,0.9722414307382173,3,3,0.8555839786838209,0.1545994451428014,1,1,1,0.9972149207423594,0.0,0,1,1,1,1.0,1.0,0,1,1,1,1.0,1.0,0,1,1,1.0,1,1
bimanual_sweep_to_dustpan,left,1,left:3->4,3,4,24,3,aligned,1,1,1.0,0.9466901987836468,3,3,0.671113355114592,1.09232232810497e-05,1,1,1,0.7375406569964654,0.0,1,1,1,1,0.9928022486121655,0.6971208994448661,0,1,1,1,1.0,1.0,0,1,1,1.0,1,1
bimanual_sweep_to_dustpan,left,2,left:0->1,0,1,64,3,aligned,1,1,1.0,0.7066986933128746,3,3,0.9999884430121391,0.10638083031768125,4,1,1,0.38425283145982364,0.011022118802230807,0,1,1,1,1.0,1.0,0,1,1,1,1.0,1.0,0,1,1,1.0,2,2
bimanual_sweep_to_dustpan,left,2,left:1->2,1,2,12,3,aligned,1,1,1.0,0.998809748911681,3,3,0.9873548350083414,1.420112205980986e-10,1,1,1,0.9989007834422,0.004573323415300479,0,1,1,1,1.0,1.0,0,1,1,1,1.0,1.0,0,1,1,1.0,1,1
bimanual_sweep_to_dustpan,left,2,left:2->3,2,3,8,3,aligned,1,1,1.0,0.9723490601870415,3,3,0.855549537527653,0.15445843282947722,1,1,1,0.9996283872628131,0.0024172854182680226,0,1,1,1,1.0,1.0,0,1,1,1,1.0,1.0,0,1,1,1.0,3,3
bimanual_sweep_to_dustpan,left,2,left:3->4,3,4,24,3,aligned,1,1,1.0,0.9762109196711514,3,3,0.8793915731507693,0.15986096245198855,1,1,1,0.9864396588321838,0.2907811772283111,1,1,1,1,0.9833746583780725,0.693349863351229,0,1,1,1,1.0,1.0,0,1,1,1.0,2,2
bimanual_sweep_to_dustpan,left,3,left:0->1,0,1,64,3,aligned,1,1,1.0,0.5218882570022686,3,3,0.9999887672702312,0.0517957843005146,4,1,1,0.23541140424522333,0.006522354119553597,0,1,1,1,1.0,1.0,0,1,1,1,1.0,1.0,0,1,1,1.0,2,2
bimanual_sweep_to_dustpan,left,3,left:1->2,1,2,12,3,aligned,1,1,0.9999999999999999,0.9991974087104647,3,3,0.9869591594126746,1.5159503154877613e-10,1,1,1,0.9992900567573346,0.0049629495722527395,0,1,1,1,1.0,1.0,0,1,1,1,1.0,1.0,0,1,1,1.0,1,1
bimanual_sweep_to_dustpan,left,3,left:2->3,2,3,8,3,aligned,1,1,1.0,0.9712005910772624,3,3,0.8555291978748285,0.15448088513938535,1,1,1,0.9982147592197456,0.001002129586467504,0,1,1,1,1.0,1.0,0,1,1,1,1.0,1.0,0,1,1,1.0,3,3
bimanual_sweep_to_dustpan,left,3,left:3->4,3,4,24,3,aligned,1,1,1.0,0.9576870113360172,3,3,0.8842891801775378,0.1729884243361707,1,1,1,0.9678608435646272,0.27176732551862415,1,1,1,1,0.9822021535782098,0.6928808614312839,0,1,1,1,1.0,1.0,0,1,1,1.0,2,2
bimanual_sweep_to_dustpan,left,4,left:0->1,0,1,64,3,aligned,1,1,1.0,0.7695810729455578,3,3,0.9999880751641266,0.082023001778598,4,1,1,0.4440996085356454,0.010551757835990827,0,1,1,1,1.0,1.0,0,1,1,1,1.0,1.0,0,1,1,1.0,2,2
bimanual_sweep_to_dustpan,left,4,left:1->2,1,2,12,3,aligned,1,1,0.9999999999999999,0.9997750743476328,3,3,0.9871972269296628,1.1719099562445865e-10,1,1,1,0.9998665361011283,0.005539672712743027,0,1,1,1,1.0,1.0,0,1,1,1,1.0,1.0,0,1,1,1.0,1,1
bimanual_sweep_to_dustpan,left,4,left:2->3,2,3,8,3,aligned,1,1,1.0,0.9715501442286585,3,3,0.8555428385448252,0.1545251733615026,1,1,1,0.9983260728836704,0.0011136362222572416,0,1,1,1,1.0,1.0,0,1,1,1,1.0,1.0,0,1,1,1.0,3,3
bimanual_sweep_to_dustpan,left,4,left:3->4,3,4,24,3,aligned,1,1,1.0,0.9637087485234322,3,3,0.8770444087444204,0.1557693382271917,1,1,1,0.9739244858430206,0.27801277825489024,1,1,1,1,0.9826291448119268,0.6930516579247706,0,1,1,1,1.0,1.0,0,1,1,1.0,2,2
bimanual_sweep_to_dustpan,right,0,right:0->1,0,1,64,3,aligned,1,1,1.0,0.1246173259765192,3,3,1.0,2.2726520844673186e-05,4,1,1,0.09940633957488139,3.3814481678774158,0,1,1,1,1.0,1.0,0,1,1,1,1.0,1.0,0,1,1,1.0,2,2
bimanual_sweep_to_dustpan,right,0,right:1->2,1,2,12,3,aligned,1,1,1.0,0.610637924036557,3,3,0.9999896603290451,0.0035600862152825583,1,1,1,0.6130690638030193,6.136723901352632,0,1,1,1,1.0,1.0,0,1,1,1,1.0,1.0,0,1,1,1.0,2,2
bimanual_sweep_to_dustpan,right,0,right:2->3,2,3,8,3,aligned,1,1,0.9999999999999999,0.4451702699827436,3,3,0.9730942107542336,0.0001015452033139559,1,1,1,0.4311708375762816,2.726965248769389,0,1,1,1,1.0,1.0,0,1,1,1,1.0,1.0,0,1,1,1.0,2,2
bimanual_sweep_to_dustpan,right,0,right:3->4,3,4,24,3,aligned,1,1,1.0,0.9445709997298394,3,3,0.8552146852438074,0.15153724883470232,1,1,1,0.9631387022676677,0.4447269514998311,0,1,1,1,1.0,1.0,0,1,1,1,1.0,1.0,0,1,1,1.0,3,3
bimanual_sweep_to_dustpan,right,1,right:0->1,0,1,64,3,backward_realignment,1,1,1.0,0.06775677088003343,3,3,1.5703681086393805e-06,2.083750073614639e-39,4,1,1,0.0014620326781198106,0.0,0,1,1,1,1.0,1.0,0,1,1,1,1.0,1.0,0,1,1,1.0,1,1
bimanual_sweep_to_dustpan,right,1,right:1->2,1,2,12,3,aligned,1,1,1.0,0.0013243380919194126,2,3,1.0,0.0007251179728402223,1,1,1,0.0013254524842053771,0.0,0,1,1,1,1.0,1.0,0,1,1,1,1.0,1.0,0,1,1,1.0,1,1
bimanual_sweep_to_dustpan,right,1,right:2->3,2,3,8,3,aligned,1,1,1.0,0.49882044085769084,3,3,0.989900479791121,0.0025533507985205065,1,1,1,0.5005625460907517,2.876193559023079,0,1,1,1,1.0,1.0,0,1,1,1,1.0,1.0,0,1,1,1.0,2,2
bimanual_sweep_to_dustpan,right,1,right:3->4,3,4,24,3,aligned,1,1,1.0,0.7852980993589117,3,3,0.8177793571018126,0.056223872008201094,1,1,1,0.8003002507605095,0.259516319261742,0,1,1,1,1.0,1.0,0,1,1,1,1.0,1.0,0,1,1,1.0,2,2
bimanual_sweep_to_dustpan,right,2,right:0->1,0,1,64,3,aligned,1,1,0.9999999999999999,0.3370379063371483,3,3,0.9999999999773317,2.136127311611065e-06,4,1,1,0.1587432688982409,3.344308985009654,0,1,1,1,1.0,1.0,0,1,1,1,1.0,1.0,0,1,1,1.0,2,2
bimanual_sweep_to_dustpan,right,2,right:1->2,1,2,12,3,aligned,1,1,1.0,0.9328693839895121,3,3,0.9999999164676524,0.015093406616206806,1,1,1,0.9366738755498755,6.560581496580667,0,1,1,1,1.0,1.0,0,1,1,1,1.0,1.0,0,1,1,1.0,2,2
bimanual_sweep_to_dustpan,right,2,right:2->3,2,3,8,3,aligned,1,1,1.0,0.028050530379601677,3,3,0.988301243879546,0.011365263516994312,1,1,1,0.028206143213930238,0.0,0,1,1,1,1.0,1.0,0,1,1,1,1.0,1.0,0,1,1,1.0,2,2
bimanual_sweep_to_dustpan,right,2,right:3->4,3,4,24,3,aligned,1,1,1.0,0.9449745666126683,3,3,0.8422317344026466,0.16767154869824366,1,1,1,0.9616753321177394,0.44320641821160933,0,1,1,1,1.0,1.0,0,1,1,1,1.0,1.0,0,1,1,1.0,3,3
bimanual_sweep_to_dustpan,right,3,right:0->1,0,1,64,3,aligned,1,1,1.0,0.27603043602761024,3,3,0.9999999999999876,4.57021404435224e-05,4,1,1,0.1666119366457044,3.3926881593719287,0,1,1,1,1.0,1.0,0,1,1,1,1.0,1.0,0,1,1,1.0,2,2
bimanual_sweep_to_dustpan,right,3,right:1->2,1,2,12,3,aligned,1,1,1.0,0.11331694869591417,3,3,0.9999994514929617,0.009567673315703969,1,1,1,0.11386301944369259,4.453242335256171,0,1,1,1,1.0,1.0,0,1,1,1,1.0,1.0,0,1,1,1.0,2,2
bimanual_sweep_to_dustpan,right,3,right:2->3,2,3,8,3,aligned,1,1,0.9999999999999999,0.4704276629070196,3,3,0.9968742871497985,4.94165951315217e-13,1,1,1,0.47302814068684296,2.8196158813606758,0,1,1,1,1.0,1.0,0,1,1,1,1.0,1.0,0,1,1,1.0,3,3
bimanual_sweep_to_dustpan,right,3,right:3->4,3,4,24,3,aligned,1,1,1.0000000000000002,0.6069360983238948,3,3,0.8707852856128335,0.15521040422897553,1,1,1,0.6173714108413023,0.0,0,1,1,1,1.0,1.0,0,1,1,1,1.0,1.0,0,1,1,1.0,3,3
bimanual_sweep_to_dustpan,right,4,right:0->1,0,1,64,3,aligned,1,1,0.9999999999999999,0.5527597638769128,3,3,0.9999999999973423,1.0433865744014872e-05,4,1,1,0.31479359851777927,4.028937970946231,0,1,1,1,1.0,1.0,0,1,1,1,1.0,1.0,0,1,1,1.0,2,2
bimanual_sweep_to_dustpan,right,4,right:1->2,1,2,12,3,aligned,1,1,1.0,0.6730072546736865,3,3,0.9997995123144907,0.002444219110631439,1,1,1,0.6755467653212271,6.233768688170489,0,1,1,1,1.0,1.0,0,1,1,1,1.0,1.0,0,1,1,1.0,2,2
bimanual_sweep_to_dustpan,right,4,right:2->3,2,3,8,3,aligned,1,1,1.0,0.6935904225286942,3,3,0.9985233015525865,9.451975421882701e-07,1,1,1,0.6977592731380191,3.2083351694464284,0,1,1,1,1.0,1.0,0,1,1,1,1.0,1.0,0,1,1,1.0,3,3
bimanual_sweep_to_dustpan,right,4,right:3->4,3,4,24,3,aligned,1,1,1.0,0.9514622415174604,3,3,0.8557822183796873,0.15183366482412242,1,1,1,0.9712172718149886,0.4530797288257986,0,1,1,1,1.0,1.0,0,1,1,1,1.0,1.0,0,1,1,1.0,3,3
