trial_id,task,arm,demonstration,scenario,magnitude,skill_index,anchor_local_index,ticks,baseline_mae,proposed_mae,mae_improvement,baseline_exact_rate,proposed_exact_rate,baseline_final_error,proposed_final_error,proposed_no_plausible_cycles,proposed_wins
progress:stack_wine:d0:normal:m0,stack_wine,single,0,normal,0,0,30,27,0.0,0.0,0.0,1.0,1.0,0.0,0.0,0,0
progress:stack_wine:d0:stutter:m3,stack_wine,single,0,stutter,3,0,30,30,2.1,0.26666666666666666,1.8333333333333335,0.26666666666666666,0.7666666666666667,3.0,0.0,0,1
progress:stack_wine:d0:stutter:m6,stack_wine,single,0,stutter,6,0,30,33,4.090909090909091,0.42424242424242425,3.6666666666666665,0.24242424242424243,0.696969696969697,6.0,0.0,0,1
progress:stack_wine:d0:skip:m2,stack_wine,single,0,skip,2,0,30,25,1.36,0.04,1.32,0.32,0.96,2.0,0.0,0,1
progress:stack_wine:d0:skip:m4,stack_wine,single,0,skip,4,0,30,23,2.608695652173913,0.17391304347826086,2.4347826086956523,0.34782608695652173,0.8695652173913043,4.0,0.0,0,1
progress:stack_wine:d1:normal:m0,stack_wine,single,1,normal,0,0,30,27,0.0,0.1111111111111111,-0.1111111111111111,1.0,0.8888888888888888,0.0,1.0,0,0
progress:stack_wine:d1:stutter:m3,stack_wine,single,1,stutter,3,0,30,30,2.1,0.13333333333333333,1.9666666666666668,0.26666666666666666,0.8666666666666667,3.0,1.0,0,1
progress:stack_wine:d1:stutter:m6,stack_wine,single,1,stutter,6,0,30,33,4.090909090909091,0.30303030303030304,3.7878787878787876,0.24242424242424243,0.7575757575757576,6.0,1.0,0,1
progress:stack_wine:d1:skip:m2,stack_wine,single,1,skip,2,0,30,25,1.36,0.2,1.1600000000000001,0.32,0.84,2.0,1.0,0,1
progress:stack_wine:d1:skip:m4,stack_wine,single,1,skip,4,0,30,23,2.608695652173913,0.2608695652173913,2.347826086956522,0.34782608695652173,0.8260869565217391,4.0,1.0,0,1
progress:stack_wine:d2:normal:m0,stack_wine,single,2,normal,0,0,30,27,0.0,0.37037037037037035,-0.37037037037037035,1.0,0.6296296296296297,0.0,0.0,0,0
progress:stack_wine:d2:stutter:m3,stack_wine,single,2,stutter,3,0,30,30,2.1,0.4,1.7000000000000002,0.26666666666666666,0.6333333333333333,3.0,0.0,0,1
progress:stack_wine:d2:stutter:m6,stack_wine,single,2,stutter,6,0,30,33,4.090909090909091,0.5454545454545454,3.5454545454545454,0.24242424242424243,0.5757575757575758,6.0,0.0,0,1
progress:stack_wine:d2:skip:m2,stack_wine,single,2,skip,2,0,30,25,1.36,0.52,0.8400000000000001,0.32,0.48,2.0,0.0,0,1
progress:stack_wine:d2:skip:m4,stack_wine,single,2,skip,4,0,30,23,2.608695652173913,0.5652173913043478,2.0434782608695654,0.34782608695652173,0.5217391304347826,4.0,0.0,0,1
progress:stack_wine:d3:normal:m0,stack_wine,single,3,normal,0,0,30,27,0.0,0.6296296296296297,-0.6296296296296297,1.0,0.37037037037037035,0.0,1.0,0,0
progress:stack_wine:d3:stutter:m3,stack_wine,single,3,stutter,3,0,30,30,2.1,0.9,1.2000000000000002,0.26666666666666666,0.3333333333333333,3.0,1.0,0,1
progress:stack_wine:d3:stutter:m6,stack_wine,single,3,stutter,6,0,30,33,4.090909090909091,1.1515151515151516,2.9393939393939394,0.24242424242424243,0.30303030303030304,6.0,1.0,0,1
progress:stack_wine:d3:skip:m2,stack_wine,single,3,skip,2,0,30,25,1.36,0.56,0.8,0.32,0.44,2.0,1.0,0,1
progress:stack_wine:d3:skip:m4,stack_wine,single,3,skip,4,0,30,23,2.608695652173913,0.4782608695652174,2.130434782608696,0.34782608695652173,0.5217391304347826,4.0,1.0,0,1
progress:stack_wine:d4:normal:m0,stack_wine,single,4,normal,0,0,30,27,0.0,0.37037037037037035,-0.37037037037037035,1.0,0.6666666666666666,0.0,1.0,0,0
progress:stack_wine:d4:stutter:m3,stack_wine,single,4,stutter,3,0,30,30,2.1,0.16666666666666666,1.9333333333333333,0.26666666666666666,0.8666666666666667,3.0,1.0,0,1
progress:stack_wine:d4:stutter:m6,stack_wine,single,4,stutter,6,0,30,33,4.090909090909091,2.606060606060606,1.4848484848484849,0.24242424242424243,0.30303030303030304,6.0,4.0,22,1
progress:stack_wine:d4:skip:m2,stack_wine,single,4,skip,2,0,30,25,1.36,0.36,1.0,0.32,0.72,2.0,1.0,0,1
progress:stack_wine:d4:skip:m4,stack_wine,single,4,skip,4,0,30,23,2.608695652173913,0.6086956521739131,2.0,0.34782608695652173,0.6956521739130435,4.0,1.0,0,1
progress:place_cups:d0:normal:m0,place_cups,single,0,normal,0,3,29,27,0.0,0.037037037037037035,-0.037037037037037035,1.0,0.9629629629629629,0.0,1.0,0,0
progress:place_cups:d0:stutter:m3,place_cups,single,0,stutter,3,3,29,30,2.1,1.8,0.30000000000000004,0.26666666666666666,0.26666666666666666,3.0,1.0,0,1
progress:place_cups:d0:stutter:m6,place_cups,single,0,stutter,6,3,29,33,4.090909090909091,3.272727272727273,0.8181818181818179,0.24242424242424243,0.24242424242424243,6.0,3.0,0,1
progress:place_cups:d0:skip:m2,place_cups,single,0,skip,2,3,29,25,1.36,1.32,0.040000000000000036,0.32,0.32,2.0,2.0,0,1
progress:place_cups:d0:skip:m4,place_cups,single,0,skip,4,3,29,23,2.608695652173913,2.391304347826087,0.21739130434782616,0.34782608695652173,0.34782608695652173,4.0,3.0,0,1
progress:place_cups:d1:normal:m0,place_cups,single,1,normal,0,3,29,27,0.0,0.5555555555555556,-0.5555555555555556,1.0,0.4444444444444444,0.0,1.0,0,0
progress:place_cups:d1:stutter:m3,place_cups,single,1,stutter,3,3,29,30,2.1,0.9,1.2000000000000002,0.26666666666666666,0.5,3.0,0.0,0,1
progress:place_cups:d1:stutter:m6,place_cups,single,1,stutter,6,3,29,33,4.090909090909091,2.3333333333333335,1.7575757575757573,0.24242424242424243,0.24242424242424243,6.0,1.0,0,1
progress:place_cups:d1:skip:m2,place_cups,single,1,skip,2,3,29,25,1.36,1.32,0.040000000000000036,0.32,0.32,2.0,1.0,0,1
progress:place_cups:d1:skip:m4,place_cups,single,1,skip,4,3,29,23,2.608695652173913,2.391304347826087,0.21739130434782616,0.34782608695652173,0.34782608695652173,4.0,3.0,0,1
progress:place_cups:d2:normal:m0,place_cups,single,2,normal,0,3,29,27,0.0,0.48148148148148145,-0.48148148148148145,1.0,0.6666666666666666,0.0,2.0,0,0
progress:place_cups:d2:stutter:m3,place_cups,single,2,stutter,3,3,29,30,2.1,2.3666666666666667,-0.2666666666666666,0.26666666666666666,0.26666666666666666,3.0,4.0,0,0
progress:place_cups:d2:stutter:m6,place_cups,single,2,stutter,6,3,29,33,4.090909090909091,4.0,0.09090909090909083,0.24242424242424243,0.24242424242424243,6.0,5.0,0,1
progress:place_cups:d2:skip:m2,place_cups,single,2,skip,2,3,29,25,1.36,0.92,0.44000000000000006,0.32,0.44,2.0,0.0,0,1
progress:place_cups:d2:skip:m4,place_cups,single,2,skip,4,3,29,23,2.608695652173913,2.260869565217391,0.34782608695652195,0.34782608695652173,0.34782608695652173,4.0,2.0,0,1
progress:place_cups:d3:normal:m0,place_cups,single,3,normal,0,3,29,27,0.0,0.8148148148148148,-0.8148148148148148,1.0,0.4444444444444444,0.0,3.0,0,0
progress:place_cups:d3:stutter:m3,place_cups,single,3,stutter,3,3,29,30,2.1,1.0333333333333334,1.0666666666666667,0.26666666666666666,0.4,3.0,2.0,0,1
progress:place_cups:d3:stutter:m6,place_cups,single,3,stutter,6,3,29,33,4.090909090909091,2.272727272727273,1.818181818181818,0.24242424242424243,0.3333333333333333,6.0,0.0,0,1
progress:place_cups:d3:skip:m2,place_cups,single,3,skip,2,3,29,25,1.36,1.76,-0.3999999999999999,0.32,0.32,2.0,4.0,0,0
progress:place_cups:d3:skip:m4,place_cups,single,3,skip,4,3,29,23,2.608695652173913,2.739130434782609,-0.1304347826086958,0.34782608695652173,0.34782608695652173,4.0,5.0,0,0
progress:place_cups:d4:normal:m0,place_cups,single,4,normal,0,3,29,27,0.0,1.0740740740740742,-1.0740740740740742,1.0,0.2962962962962963,0.0,2.0,0,0
progress:place_cups:d4:stutter:m3,place_cups,single,4,stutter,3,3,29,30,2.1,1.2333333333333334,0.8666666666666667,0.26666666666666666,0.3,3.0,1.0,0,1
progress:place_cups:d4:stutter:m6,place_cups,single,4,stutter,6,3,29,33,4.090909090909091,3.272727272727273,0.8181818181818179,0.24242424242424243,0.12121212121212122,6.0,1.0,4,1
progress:place_cups:d4:skip:m2,place_cups,single,4,skip,2,3,29,25,1.36,1.92,-0.5599999999999998,0.32,0.16,2.0,3.0,0,0
progress:place_cups:d4:skip:m4,place_cups,single,4,skip,4,3,29,23,2.608695652173913,2.739130434782609,-0.1304347826086958,0.34782608695652173,0.17391304347826086,4.0,4.0,0,0
progress:open_microwave:d0:normal:m0,open_microwave,single,0,normal,0,0,45,27,0.0,0.0,0.0,1.0,1.0,0.0,0.0,0,0
progress:open_microwave:d0:stutter:m3,open_microwave,single,0,stutter,3,0,45,30,2.1,0.26666666666666666,1.8333333333333335,0.26666666666666666,0.8,3.0,0.0,0,1
progress:open_microwave:d0:stutter:m6,open_microwave,single,0,stutter,6,0,45,33,4.090909090909091,0.696969696969697,3.3939393939393936,0.24242424242424243,0.6666666666666666,6.0,0.0,0,1
progress:open_microwave:d0:skip:m2,open_microwave,single,0,skip,2,0,45,25,1.36,0.04,1.32,0.32,0.96,2.0,0.0,0,1
progress:open_microwave:d0:skip:m4,open_microwave,single,0,skip,4,0,45,23,2.608695652173913,0.2608695652173913,2.347826086956522,0.34782608695652173,0.8260869565217391,4.0,0.0,0,1
progress:open_microwave:d1:normal:m0,open_microwave,single,1,normal,0,0,45,27,0.0,0.48148148148148145,-0.48148148148148145,1.0,0.5185185185185185,0.0,1.0,0,0
progress:open_microwave:d1:stutter:m3,open_microwave,single,1,stutter,3,0,45,30,2.1,0.6666666666666666,1.4333333333333336,0.26666666666666666,0.4,3.0,1.0,0,1
progress:open_microwave:d1:stutter:m6,open_microwave,single,1,stutter,6,0,45,33,4.090909090909091,1.0303030303030303,3.0606060606060606,0.24242424242424243,0.3333333333333333,6.0,1.0,0,1
progress:open_microwave:d1:skip:m2,open_microwave,single,1,skip,2,0,45,25,1.36,0.56,0.8,0.32,0.44,2.0,1.0,0,1
progress:open_microwave:d1:skip:m4,open_microwave,single,1,skip,4,0,45,23,2.608695652173913,0.7391304347826086,1.8695652173913044,0.34782608695652173,0.34782608695652173,4.0,1.0,0,1
progress:open_microwave:d2:normal:m0,open_microwave,single,2,normal,0,0,45,27,0.0,0.0,0.0,1.0,1.0,0.0,0.0,27,0
progress:open_microwave:d2:stutter:m3,open_microwave,single,2,stutter,3,0,45,30,2.1,0.7,1.4000000000000001,0.26666666666666666,0.3,3.0,1.0,27,1
progress:open_microwave:d2:stutter:m6,open_microwave,single,2,stutter,6,0,45,33,4.090909090909091,2.0,2.090909090909091,0.24242424242424243,0.2727272727272727,6.0,3.0,27,1
progress:open_microwave:d2:skip:m2,open_microwave,single,2,skip,2,0,45,25,1.36,1.36,0.0,0.32,0.32,2.0,2.0,25,0
progress:open_microwave:d2:skip:m4,open_microwave,single,2,skip,4,0,45,23,2.608695652173913,2.608695652173913,0.0,0.34782608695652173,0.34782608695652173,4.0,4.0,23,0
progress:open_microwave:d3:normal:m0,open_microwave,single,3,normal,0,0,45,27,0.0,0.4444444444444444,-0.4444444444444444,1.0,0.5555555555555556,0.0,0.0,0,0
progress:open_microwave:d3:stutter:m3,open_microwave,single,3,stutter,3,0,45,30,2.1,0.36666666666666664,1.7333333333333334,0.26666666666666666,0.6333333333333333,3.0,0.0,0,1
progress:open_microwave:d3:stutter:m6,open_microwave,single,3,stutter,6,0,45,33,4.090909090909091,0.48484848484848486,3.606060606060606,0.24242424242424243,0.5757575757575758,6.0,0.0,0,1
progress:open_microwave:d3:skip:m2,open_microwave,single,3,skip,2,0,45,25,1.36,0.52,0.8400000000000001,0.32,0.56,2.0,0.0,0,1
progress:open_microwave:d3:skip:m4,open_microwave,single,3,skip,4,0,45,23,2.608695652173913,0.6086956521739131,2.0,0.34782608695652173,0.5217391304347826,4.0,0.0,0,1
progress:open_microwave:d4:normal:m0,open_microwave,single,4,normal,0,0,45,27,0.0,0.0,0.0,1.0,1.0,0.0,0.0,27,0
progress:open_microwave:d4:stutter:m3,open_microwave,single,4,stutter,3,0,45,30,2.1,2.1,0.0,0.26666666666666666,0.26666666666666666,3.0,3.0,27,0
progress:open_microwave:d4:stutter:m6,open_microwave,single,4,stutter,6,0,45,33,4.090909090909091,2.8181818181818183,1.2727272727272725,0.24242424242424243,0.24242424242424243,6.0,4.0,27,1
progress:open_microwave:d4:skip:m2,open_microwave,single,4,skip,2,0,45,25,1.36,1.36,0.0,0.32,0.32,2.0,2.0,25,0
progress:open_microwave:d4:skip:m4,open_microwave,single,4,skip,4,0,45,23,2.608695652173913,2.608695652173913,0.0,0.34782608695652173,0.34782608695652173,4.0,4.0,23,0
progress:wipe_desk:d0:normal:m0,wipe_desk,single,0,normal,0,2,66,27,0.0,2.111111111111111,-2.111111111111111,1.0,0.1111111111111111,0.0,3.0,0,0
progress:wipe_desk:d0:stutter:m3,wipe_desk,single,0,stutter,3,2,66,30,2.1,2.7666666666666666,-0.6666666666666665,0.26666666666666666,0.1,3.0,3.0,0,0
progress:wipe_desk:d0:stutter:m6,wipe_desk,single,0,stutter,6,2,66,33,4.090909090909091,3.242424242424242,0.8484848484848486,0.24242424242424243,0.09090909090909091,6.0,3.0,0,1
progress:wipe_desk:d0:skip:m2,wipe_desk,single,0,skip,2,2,66,25,1.36,1.84,-0.48,0.32,0.12,2.0,3.0,0,0
progress:wipe_desk:d0:skip:m4,wipe_desk,single,0,skip,4,2,66,23,2.608695652173913,1.0,1.608695652173913,0.34782608695652173,0.30434782608695654,4.0,2.0,0,1
progress:wipe_desk:d1:normal:m0,wipe_desk,single,1,normal,0,2,66,27,0.0,2.6296296296296298,-2.6296296296296298,1.0,0.0,0.0,4.0,0,0
progress:wipe_desk:d1:stutter:m3,wipe_desk,single,1,stutter,3,2,66,30,2.1,2.3,-0.19999999999999973,0.26666666666666666,0.0,3.0,4.0,0,0
progress:wipe_desk:d1:stutter:m6,wipe_desk,single,1,stutter,6,2,66,33,4.090909090909091,1.9393939393939394,2.1515151515151514,0.24242424242424243,0.12121212121212122,6.0,4.0,0,1
progress:wipe_desk:d1:skip:m2,wipe_desk,single,1,skip,2,2,66,25,1.36,2.92,-1.5599999999999998,0.32,0.0,2.0,4.0,0,0
progress:wipe_desk:d1:skip:m4,wipe_desk,single,1,skip,4,2,66,23,2.608695652173913,3.3043478260869565,-0.6956521739130435,0.34782608695652173,0.0,4.0,4.0,0,0
progress:wipe_desk:d2:normal:m0,wipe_desk,single,2,normal,0,2,66,27,0.0,2.0,-2.0,1.0,0.037037037037037035,0.0,3.0,0,0
progress:wipe_desk:d2:stutter:m3,wipe_desk,single,2,stutter,3,2,66,30,2.1,1.7,0.40000000000000013,0.26666666666666666,0.13333333333333333,3.0,3.0,0,1
progress:wipe_desk:d2:stutter:m6,wipe_desk,single,2,stutter,6,2,66,33,4.090909090909091,1.4545454545454546,2.6363636363636362,0.24242424242424243,0.15151515151515152,6.0,3.0,0,1
progress:wipe_desk:d2:skip:m2,wipe_desk,single,2,skip,2,2,66,25,1.36,2.28,-0.9199999999999997,0.32,0.04,2.0,3.0,0,0
progress:wipe_desk:d2:skip:m4,wipe_desk,single,2,skip,4,2,66,23,2.608695652173913,2.5217391304347827,0.08695652173913038,0.34782608695652173,0.043478260869565216,4.0,3.0,0,1
progress:wipe_desk:d3:normal:m0,wipe_desk,single,3,normal,0,2,66,27,0.0,0.18518518518518517,-0.18518518518518517,1.0,0.8148148148148148,0.0,0.0,0,0
progress:wipe_desk:d3:stutter:m3,wipe_desk,single,3,stutter,3,2,66,30,2.1,0.43333333333333335,1.6666666666666667,0.26666666666666666,0.6,3.0,0.0,0,1
progress:wipe_desk:d3:stutter:m6,wipe_desk,single,3,stutter,6,2,66,33,4.090909090909091,0.7272727272727273,3.3636363636363633,0.24242424242424243,0.5151515151515151,6.0,0.0,0,1
progress:wipe_desk:d3:skip:m2,wipe_desk,single,3,skip,2,2,66,25,1.36,0.44,0.9200000000000002,0.32,0.6,2.0,0.0,0,1
progress:wipe_desk:d3:skip:m4,wipe_desk,single,3,skip,4,2,66,23,2.608695652173913,0.782608695652174,1.8260869565217392,0.34782608695652173,0.391304347826087,4.0,0.0,0,1
progress:wipe_desk:d4:normal:m0,wipe_desk,single,4,normal,0,2,66,27,0.0,3.3333333333333335,-3.3333333333333335,1.0,0.07407407407407407,0.0,6.0,0,0
progress:wipe_desk:d4:stutter:m3,wipe_desk,single,4,stutter,3,2,66,30,2.1,3.7333333333333334,-1.6333333333333333,0.26666666666666666,0.06666666666666667,3.0,6.0,0,0
progress:wipe_desk:d4:stutter:m6,wipe_desk,single,4,stutter,6,2,66,33,4.090909090909091,4.2727272727272725,-0.18181818181818166,0.24242424242424243,0.06060606060606061,6.0,6.0,0,0
progress:wipe_desk:d4:skip:m2,wipe_desk,single,4,skip,2,2,66,25,1.36,2.84,-1.4799999999999998,0.32,0.08,2.0,5.0,0,0
progress:wipe_desk:d4:skip:m4,wipe_desk,single,4,skip,4,2,66,23,2.608695652173913,2.391304347826087,0.21739130434782616,0.34782608695652173,0.17391304347826086,4.0,5.0,0,1
progress:bimanual_handover_item/left:d0:normal:m0,bimanual_handover_item,left,0,normal,0,0,31,27,0.0,1.7777777777777777,-1.7777777777777777,1.0,0.18518518518518517,0.0,4.0,0,0
progress:bimanual_handover_item/left:d0:stutter:m3,bimanual_handover_item,left,0,stutter,3,0,31,30,2.1,3.066666666666667,-0.9666666666666668,0.26666666666666666,0.16666666666666666,3.0,5.0,0,0
progress:bimanual_handover_item/left:d0:stutter:m6,bimanual_handover_item,left,0,stutter,6,0,31,33,4.090909090909091,4.454545454545454,-0.3636363636363633,0.24242424242424243,0.15151515151515152,6.0,6.0,0,0
progress:bimanual_handover_item/left:d0:skip:m2,bimanual_handover_item,left,0,skip,2,0,31,25,1.36,0.92,0.44000000000000006,0.32,0.36,2.0,3.0,0,1
progress:bimanual_handover_item/left:d0:skip:m4,bimanual_handover_item,left,0,skip,4,0,31,23,2.608695652173913,0.9130434782608695,1.6956521739130435,0.34782608695652173,0.34782608695652173,4.0,2.0,0,1
progress:bimanual_handover_item/left:d1:normal:m0,bimanual_handover_item,left,1,normal,0,0,31,27,0.0,1.3703703703703705,-1.3703703703703705,1.0,0.4074074074074074,0.0,4.0,0,0
progress:bimanual_handover_item/left:d1:stutter:m3,bimanual_handover_item,left,1,stutter,3,0,31,30,2.1,1.1666666666666667,0.9333333333333333,0.26666666666666666,0.36666666666666664,3.0,3.0,3,1
progress:bimanual_handover_item/left:d1:stutter:m6,bimanual_handover_item,left,1,stutter,6,0,31,33,4.090909090909091,1.8181818181818181,2.2727272727272725,0.24242424242424243,0.3333333333333333,6.0,2.0,6,1
progress:bimanual_handover_item/left:d1:skip:m2,bimanual_handover_item,left,1,skip,2,0,31,25,1.36,2.0,-0.6399999999999999,0.32,0.32,2.0,4.0,0,0
progress:bimanual_handover_item/left:d1:skip:m4,bimanual_handover_item,left,1,skip,4,0,31,23,2.608695652173913,2.5652173913043477,0.04347826086956541,0.34782608695652173,0.34782608695652173,4.0,5.0,0,1
progress:bimanual_handover_item/left:d2:normal:m0,bimanual_handover_item,left,2,normal,0,0,31,27,0.0,0.14814814814814814,-0.14814814814814814,1.0,0.8518518518518519,0.0,1.0,5,0
progress:bimanual_handover_item/left:d2:stutter:m3,bimanual_handover_item,left,2,stutter,3,0,31,30,2.1,2.5,-0.3999999999999999,0.26666666666666666,0.26666666666666666,3.0,3.0,5,0
progress:bimanual_handover_item/left:d2:stutter:m6,bimanual_handover_item,left,2,stutter,6,0,31,33,4.090909090909091,3.909090909090909,0.18181818181818166,0.24242424242424243,0.24242424242424243,6.0,4.0,5,1
progress:bimanual_handover_item/left:d2:skip:m2,bimanual_handover_item,left,2,skip,2,0,31,25,1.36,0.52,0.8400000000000001,0.32,0.52,2.0,0.0,5,1
progress:bimanual_handover_item/left:d2:skip:m4,bimanual_handover_item,left,2,skip,4,0,31,23,2.608695652173913,1.5217391304347827,1.0869565217391304,0.34782608695652173,0.34782608695652173,4.0,1.0,5,1
progress:bimanual_handover_item/left:d3:normal:m0,bimanual_handover_item,left,3,normal,0,0,31,27,0.0,0.14814814814814814,-0.14814814814814814,1.0,0.8518518518518519,0.0,1.0,0,0
progress:bimanual_handover_item/left:d3:stutter:m3,bimanual_handover_item,left,3,stutter,3,0,31,30,2.1,1.4,0.7000000000000002,0.26666666666666666,0.26666666666666666,3.0,1.0,0,1
progress:bimanual_handover_item/left:d3:stutter:m6,bimanual_handover_item,left,3,stutter,6,0,31,33,4.090909090909091,2.727272727272727,1.3636363636363638,0.24242424242424243,0.24242424242424243,6.0,2.0,0,1
progress:bimanual_handover_item/left:d3:skip:m2,bimanual_handover_item,left,3,skip,2,0,31,25,1.36,1.36,0.0,0.32,0.32,2.0,2.0,0,0
progress:bimanual_handover_item/left:d3:skip:m4,bimanual_handover_item,left,3,skip,4,0,31,23,2.608695652173913,2.4347826086956523,0.17391304347826075,0.34782608695652173,0.34782608695652173,4.0,4.0,0,1
progress:bimanual_handover_item/left:d4:normal:m0,bimanual_handover_item,left,4,normal,0,0,31,27,0.0,1.2222222222222223,-1.2222222222222223,1.0,0.2222222222222222,0.0,2.0,0,0
progress:bimanual_handover_item/left:d4:stutter:m3,bimanual_handover_item,left,4,stutter,3,0,31,30,2.1,2.9,-0.7999999999999998,0.26666666666666666,0.2,3.0,4.0,0,0
progress:bimanual_handover_item/left:d4:stutter:m6,bimanual_handover_item,left,4,stutter,6,0,31,33,4.090909090909091,4.181818181818182,-0.09090909090909083,0.24242424242424243,0.18181818181818182,6.0,5.0,0,0
progress:bimanual_handover_item/left:d4:skip:m2,bimanual_handover_item,left,4,skip,2,0,31,25,1.36,0.52,0.8400000000000001,0.32,0.48,2.0,1.0,0,1
progress:bimanual_handover_item/left:d4:skip:m4,bimanual_handover_item,left,4,skip,4,0,31,23,2.608695652173913,0.9565217391304348,1.6521739130434783,0.34782608695652173,0.391304347826087,4.0,0.0,0,1
progress:bimanual_handover_item/right:d0:normal:m0,bimanual_handover_item,right,0,normal,0,0,31,27,0.0,0.7777777777777778,-0.7777777777777778,1.0,0.2222222222222222,0.0,1.0,0,0
progress:bimanual_handover_item/right:d0:stutter:m3,bimanual_handover_item,right,0,stutter,3,0,31,30,2.1,0.5666666666666667,1.5333333333333334,0.26666666666666666,0.43333333333333335,3.0,1.0,0,1
progress:bimanual_handover_item/right:d0:stutter:m6,bimanual_handover_item,right,0,stutter,6,0,31,33,4.090909090909091,0.5151515151515151,3.5757575757575757,0.24242424242424243,0.48484848484848486,6.0,1.0,0,1
progress:bimanual_handover_item/right:d0:skip:m2,bimanual_handover_item,right,0,skip,2,0,31,25,1.36,0.84,0.5200000000000001,0.32,0.16,2.0,1.0,0,1
progress:bimanual_handover_item/right:d0:skip:m4,bimanual_handover_item,right,0,skip,4,0,31,23,2.608695652173913,1.826086956521739,0.7826086956521741,0.34782608695652173,0.043478260869565216,4.0,1.0,4,1
progress:bimanual_handover_item/right:d1:normal:m0,bimanual_handover_item,right,1,normal,0,0,31,27,0.0,0.9629629629629629,-0.9629629629629629,1.0,0.037037037037037035,0.0,1.0,0,0
progress:bimanual_handover_item/right:d1:stutter:m3,bimanual_handover_item,right,1,stutter,3,0,31,30,2.1,1.0333333333333334,1.0666666666666667,0.26666666666666666,0.03333333333333333,3.0,1.0,0,1
progress:bimanual_handover_item/right:d1:stutter:m6,bimanual_handover_item,right,1,stutter,6,0,31,33,4.090909090909091,1.121212121212121,2.9696969696969697,0.24242424242424243,0.030303030303030304,6.0,1.0,0,1
progress:bimanual_handover_item/right:d1:skip:m2,bimanual_handover_item,right,1,skip,2,0,31,25,1.36,0.92,0.44000000000000006,0.32,0.08,2.0,1.0,0,1
progress:bimanual_handover_item/right:d1:skip:m4,bimanual_handover_item,right,1,skip,4,0,31,23,2.608695652173913,1.0,1.608695652173913,0.34782608695652173,0.17391304347826086,4.0,1.0,2,1
progress:bimanual_handover_item/right:d2:normal:m0,bimanual_handover_item,right,2,normal,0,0,31,27,0.0,0.48148148148148145,-0.48148148148148145,1.0,0.5185185185185185,0.0,1.0,0,0
progress:bimanual_handover_item/right:d2:stutter:m3,bimanual_handover_item,right,2,stutter,3,0,31,30,2.1,0.5666666666666667,1.5333333333333334,0.26666666666666666,0.43333333333333335,3.0,1.0,0,1
progress:bimanual_handover_item/right:d2:stutter:m6,bimanual_handover_item,right,2,stutter,6,0,31,33,4.090909090909091,0.6060606060606061,3.484848484848485,0.24242424242424243,0.3939393939393939,6.0,1.0,0,1
progress:bimanual_handover_item/right:d2:skip:m2,bimanual_handover_item,right,2,skip,2,0,31,25,1.36,0.52,0.8400000000000001,0.32,0.48,2.0,1.0,0,1
progress:bimanual_handover_item/right:d2:skip:m4,bimanual_handover_item,right,2,skip,4,0,31,23,2.608695652173913,0.8260869565217391,1.7826086956521738,0.34782608695652173,0.34782608695652173,4.0,1.0,1,1
progress:bimanual_handover_item/right:d3:normal:m0,bimanual_handover_item,right,3,normal,0,0,31,27,0.0,0.0,0.0,1.0,1.0,0.0,0.0,0,0
progress:bimanual_handover_item/right:d3:stutter:m3,bimanual_handover_item,right,3,stutter,3,0,31,30,2.1,0.0,2.1,0.26666666666666666,1.0,3.0,0.0,0,1
progress:bimanual_handover_item/right:d3:stutter:m6,bimanual_handover_item,right,3,stutter,6,0,31,33,4.090909090909091,0.0,4.090909090909091,0.24242424242424243,1.0,6.0,0.0,0,1
progress:bimanual_handover_item/right:d3:skip:m2,bimanual_handover_item,right,3,skip,2,0,31,25,1.36,0.08,1.28,0.32,0.92,2.0,0.0,0,1
progress:bimanual_handover_item/right:d3:skip:m4,bimanual_handover_item,right,3,skip,4,0,31,23,2.608695652173913,0.30434782608695654,2.3043478260869565,0.34782608695652173,0.7391304347826086,4.0,0.0,0,1
progress:bimanual_handover_item/right:d4:normal:m0,bimanual_handover_item,right,4,normal,0,0,31,27,0.0,0.25925925925925924,-0.25925925925925924,1.0,0.7407407407407407,0.0,0.0,18,0
progress:bimanual_handover_item/right:d4:stutter:m3,bimanual_handover_item,right,4,stutter,3,0,31,30,2.1,0.23333333333333334,1.8666666666666667,0.26666666666666666,0.7666666666666667,3.0,0.0,18,1
progress:bimanual_handover_item/right:d4:stutter:m6,bimanual_handover_item,right,4,stutter,6,0,31,33,4.090909090909091,0.21212121212121213,3.878787878787879,0.24242424242424243,0.7878787878787878,6.0,0.0,18,1
progress:bimanual_handover_item/right:d4:skip:m2,bimanual_handover_item,right,4,skip,2,0,31,25,1.36,2.32,-0.9599999999999997,0.32,0.04,2.0,3.0,19,0
progress:bimanual_handover_item/right:d4:skip:m4,bimanual_handover_item,right,4,skip,4,0,31,23,2.608695652173913,3.5652173913043477,-0.9565217391304346,0.34782608695652173,0.043478260869565216,4.0,5.0,17,0
progress:bimanual_lift_tray/left:d0:normal:m0,bimanual_lift_tray,left,0,normal,0,0,26,27,0.0,0.9629629629629629,-0.9629629629629629,1.0,0.2222222222222222,0.0,1.0,0,0
progress:bimanual_lift_tray/left:d0:stutter:m3,bimanual_lift_tray,left,0,stutter,3,0,26,30,2.1,1.2,0.9000000000000001,0.26666666666666666,0.2,3.0,1.0,0,1
progress:bimanual_lift_tray/left:d0:stutter:m6,bimanual_lift_tray,left,0,stutter,6,0,26,33,4.090909090909091,1.4848484848484849,2.606060606060606,0.24242424242424243,0.18181818181818182,6.0,1.0,0,1
progress:bimanual_lift_tray/left:d0:skip:m2,bimanual_lift_tray,left,0,skip,2,0,26,25,1.36,0.88,0.4800000000000001,0.32,0.32,2.0,1.0,0,1
progress:bimanual_lift_tray/left:d0:skip:m4,bimanual_lift_tray,left,0,skip,4,0,26,23,2.608695652173913,0.6521739130434783,1.9565217391304348,0.34782608695652173,0.34782608695652173,4.0,1.0,0,1
progress:bimanual_lift_tray/left:d1:normal:m0,bimanual_lift_tray,left,1,normal,0,0,26,27,0.0,1.6296296296296295,-1.6296296296296295,1.0,0.07407407407407407,0.0,2.0,0,0
progress:bimanual_lift_tray/left:d1:stutter:m3,bimanual_lift_tray,left,1,stutter,3,0,26,30,2.1,1.7666666666666666,0.3333333333333335,0.26666666666666666,0.06666666666666667,3.0,2.0,0,1
progress:bimanual_lift_tray/left:d1:stutter:m6,bimanual_lift_tray,left,1,stutter,6,0,26,33,4.090909090909091,1.9696969696969697,2.121212121212121,0.24242424242424243,0.06060606060606061,6.0,2.0,0,1
progress:bimanual_lift_tray/left:d1:skip:m2,bimanual_lift_tray,left,1,skip,2,0,26,25,1.36,1.52,-0.15999999999999992,0.32,0.08,2.0,2.0,0,0
progress:bimanual_lift_tray/left:d1:skip:m4,bimanual_lift_tray,left,1,skip,4,0,26,23,2.608695652173913,1.3478260869565217,1.2608695652173914,0.34782608695652173,0.13043478260869565,4.0,2.0,0,1
progress:bimanual_lift_tray/left:d2:normal:m0,bimanual_lift_tray,left,2,normal,0,0,26,27,0.0,0.4074074074074074,-0.4074074074074074,1.0,0.5925925925925926,0.0,1.0,0,0
progress:bimanual_lift_tray/left:d2:stutter:m3,bimanual_lift_tray,left,2,stutter,3,0,26,30,2.1,0.5333333333333333,1.5666666666666669,0.26666666666666666,0.5,3.0,1.0,0,1
progress:bimanual_lift_tray/left:d2:stutter:m6,bimanual_lift_tray,left,2,stutter,6,0,26,33,4.090909090909091,0.8181818181818182,3.2727272727272725,0.24242424242424243,0.3939393939393939,6.0,1.0,0,1
progress:bimanual_lift_tray/left:d2:skip:m2,bimanual_lift_tray,left,2,skip,2,0,26,25,1.36,0.68,0.68,0.32,0.32,2.0,1.0,0,1
progress:bimanual_lift_tray/left:d2:skip:m4,bimanual_lift_tray,left,2,skip,4,0,26,23,2.608695652173913,0.6956521739130435,1.9130434782608696,0.34782608695652173,0.34782608695652173,4.0,1.0,0,1
progress:bimanual_lift_tray/left:d3:normal:m0,bimanual_lift_tray,left,3,normal,0,0,26,27,0.0,1.1851851851851851,-1.1851851851851851,1.0,0.2222222222222222,0.0,2.0,0,0
progress:bimanual_lift_tray/left:d3:stutter:m3,bimanual_lift_tray,left,3,stutter,3,0,26,30,2.1,1.0666666666666667,1.0333333333333334,0.26666666666666666,0.3,3.0,2.0,0,1
progress:bimanual_lift_tray/left:d3:stutter:m6,bimanual_lift_tray,left,3,stutter,6,0,26,33,4.090909090909091,0.9696969696969697,3.121212121212121,0.24242424242424243,0.36363636363636365,6.0,2.0,0,1
progress:bimanual_lift_tray/left:d3:skip:m2,bimanual_lift_tray,left,3,skip,2,0,26,25,1.36,1.36,0.0,0.32,0.24,2.0,2.0,0,0
progress:bimanual_lift_tray/left:d3:skip:m4,bimanual_lift_tray,left,3,skip,4,0,26,23,2.608695652173913,1.434782608695652,1.173913043478261,0.34782608695652173,0.2608695652173913,4.0,2.0,0,1
progress:bimanual_lift_tray/left:d4:normal:m0,bimanual_lift_tray,left,4,normal,0,0,26,27,0.0,1.0,-1.0,1.0,0.2962962962962963,0.0,2.0,0,0
progress:bimanual_lift_tray/left:d4:stutter:m3,bimanual_lift_tray,left,4,stutter,3,0,26,30,2.1,0.9,1.2000000000000002,0.26666666666666666,0.36666666666666664,3.0,2.0,0,1
progress:bimanual_lift_tray/left:d4:stutter:m6,bimanual_lift_tray,left,4,stutter,6,0,26,33,4.090909090909091,0.9090909090909091,3.1818181818181817,0.24242424242424243,0.3333333333333333,6.0,2.0,0,1
progress:bimanual_lift_tray/left:d4:skip:m2,bimanual_lift_tray,left,4,skip,2,0,26,25,1.36,1.04,0.32000000000000006,0.32,0.32,2.0,2.0,0,1
progress:bimanual_lift_tray/left:d4:skip:m4,bimanual_lift_tray,left,4,skip,4,0,26,23,2.608695652173913,1.0434782608695652,1.565217391304348,0.34782608695652173,0.34782608695652173,4.0,2.0,0,1
progress:bimanual_lift_tray/right:d0:normal:m0,bimanual_lift_tray,right,0,normal,0,0,26,27,0.0,0.9629629629629629,-0.9629629629629629,1.0,0.037037037037037035,0.0,1.0,0,0
progress:bimanual_lift_tray/right:d0:stutter:m3,bimanual_lift_tray,right,0,stutter,3,0,26,30,2.1,0.8,1.3,0.26666666666666666,0.2,3.0,1.0,0,1
progress:bimanual_lift_tray/right:d0:stutter:m6,bimanual_lift_tray,right,0,stutter,6,0,26,33,4.090909090909091,0.8787878787878788,3.212121212121212,0.24242424242424243,0.18181818181818182,6.0,1.0,0,1
progress:bimanual_lift_tray/right:d0:skip:m2,bimanual_lift_tray,right,0,skip,2,0,26,25,1.36,1.0,0.3600000000000001,0.32,0.04,2.0,1.0,0,1
progress:bimanual_lift_tray/right:d0:skip:m4,bimanual_lift_tray,right,0,skip,4,0,26,23,2.608695652173913,1.173913043478261,1.434782608695652,0.34782608695652173,0.043478260869565216,4.0,1.0,0,1
progress:bimanual_lift_tray/right:d1:normal:m0,bimanual_lift_tray,right,1,normal,0,0,26,27,0.0,0.4074074074074074,-0.4074074074074074,1.0,0.5925925925925926,0.0,0.0,0,0
progress:bimanual_lift_tray/right:d1:stutter:m3,bimanual_lift_tray,right,1,stutter,3,0,26,30,2.1,0.6,1.5,0.26666666666666666,0.5,3.0,0.0,0,1
progress:bimanual_lift_tray/right:d1:stutter:m6,bimanual_lift_tray,right,1,stutter,6,0,26,33,4.090909090909091,0.8484848484848485,3.242424242424242,0.24242424242424243,0.45454545454545453,6.0,0.0,0,1
progress:bimanual_lift_tray/right:d1:skip:m2,bimanual_lift_tray,right,1,skip,2,0,26,25,1.36,0.08,1.28,0.32,0.92,2.0,0.0,0,1
progress:bimanual_lift_tray/right:d1:skip:m4,bimanual_lift_tray,right,1,skip,4,0,26,23,2.608695652173913,0.21739130434782608,2.391304347826087,0.34782608695652173,0.8260869565217391,4.0,0.0,0,1
progress:bimanual_lift_tray/right:d2:normal:m0,bimanual_lift_tray,right,2,normal,0,0,26,27,0.0,1.3703703703703705,-1.3703703703703705,1.0,0.1111111111111111,0.0,2.0,0,0
progress:bimanual_lift_tray/right:d2:stutter:m3,bimanual_lift_tray,right,2,stutter,3,0,26,30,2.1,1.1666666666666667,0.9333333333333333,0.26666666666666666,0.23333333333333334,3.0,2.0,0,1
progress:bimanual_lift_tray/right:d2:stutter:m6,bimanual_lift_tray,right,2,stutter,6,0,26,33,4.090909090909091,1.1515151515151516,2.9393939393939394,0.24242424242424243,0.21212121212121213,6.0,2.0,0,1
progress:bimanual_lift_tray/right:d2:skip:m2,bimanual_lift_tray,right,2,skip,2,0,26,25,1.36,1.56,-0.19999999999999996,0.32,0.12,2.0,2.0,0,0
progress:bimanual_lift_tray/right:d2:skip:m4,bimanual_lift_tray,right,2,skip,4,0,26,23,2.608695652173913,1.608695652173913,1.0,0.34782608695652173,0.13043478260869565,4.0,2.0,0,1
progress:bimanual_lift_tray/right:d3:normal:m0,bimanual_lift_tray,right,3,normal,0,0,26,27,0.0,2.2222222222222223,-2.2222222222222223,1.0,0.0,0.0,3.0,0,0
progress:bimanual_lift_tray/right:d3:stutter:m3,bimanual_lift_tray,right,3,stutter,3,0,26,30,2.1,2.3333333333333335,-0.2333333333333334,0.26666666666666666,0.0,3.0,3.0,0,0
progress:bimanual_lift_tray/right:d3:stutter:m6,bimanual_lift_tray,right,3,stutter,6,0,26,33,4.090909090909091,2.5454545454545454,1.5454545454545454,0.24242424242424243,0.0,6.0,3.0,0,1
progress:bimanual_lift_tray/right:d3:skip:m2,bimanual_lift_tray,right,3,skip,2,0,26,25,1.36,2.12,-0.76,0.32,0.0,2.0,3.0,0,0
progress:bimanual_lift_tray/right:d3:skip:m4,bimanual_lift_tray,right,3,skip,4,0,26,23,2.608695652173913,2.0,0.6086956521739131,0.34782608695652173,0.043478260869565216,4.0,3.0,0,1
progress:bimanual_lift_tray/right:d4:normal:m0,bimanual_lift_tray,right,4,normal,0,0,26,27,0.0,0.2222222222222222,-0.2222222222222222,1.0,0.7777777777777778,0.0,1.0,0,0
progress:bimanual_lift_tray/right:d4:stutter:m3,bimanual_lift_tray,right,4,stutter,3,0,26,30,2.1,0.36666666666666664,1.7333333333333334,0.26666666666666666,0.6666666666666666,3.0,1.0,0,1
progress:bimanual_lift_tray/right:d4:stutter:m6,bimanual_lift_tray,right,4,stutter,6,0,26,33,4.090909090909091,0.5454545454545454,3.5454545454545454,0.24242424242424243,0.5757575757575758,6.0,1.0,0,1
progress:bimanual_lift_tray/right:d4:skip:m2,bimanual_lift_tray,right,4,skip,2,0,26,25,1.36,0.32,1.04,0.32,0.68,2.0,1.0,0,1
progress:bimanual_lift_tray/right:d4:skip:m4,bimanual_lift_tray,right,4,skip,4,0,26,23,2.608695652173913,0.6956521739130435,1.9130434782608696,0.34782608695652173,0.34782608695652173,4.0,1.0,0,1
progress:bimanual_put_bottle_in_fridge/left:d0:normal:m0,bimanual_put_bottle_in_fridge,left,0,normal,0,1,73,27,0.0,0.0,0.0,1.0,1.0,0.0,0.0,25,0
progress:bimanual_put_bottle_in_fridge/left:d0:stutter:m3,bimanual_put_bottle_in_fridge,left,0,stutter,3,1,73,30,2.1,2.1,0.0,0.26666666666666666,0.26666666666666666,3.0,3.0,28,0
progress:bimanual_put_bottle_in_fridge/left:d0:stutter:m6,bimanual_put_bottle_in_fridge,left,0,stutter,6,1,73,33,4.090909090909091,4.090909090909091,0.0,0.24242424242424243,0.24242424242424243,6.0,6.0,31,0
progress:bimanual_put_bottle_in_fridge/left:d0:skip:m2,bimanual_put_bottle_in_fridge,left,0,skip,2,1,73,25,1.36,1.36,0.0,0.32,0.32,2.0,2.0,23,0
progress:bimanual_put_bottle_in_fridge/left:d0:skip:m4,bimanual_put_bottle_in_fridge,left,0,skip,4,1,73,23,2.608695652173913,2.608695652173913,0.0,0.34782608695652173,0.34782608695652173,4.0,4.0,21,0
progress:bimanual_put_bottle_in_fridge/left:d1:normal:m0,bimanual_put_bottle_in_fridge,left,1,normal,0,1,73,27,0.0,0.0,0.0,1.0,1.0,0.0,0.0,27,0
progress:bimanual_put_bottle_in_fridge/left:d1:stutter:m3,bimanual_put_bottle_in_fridge,left,1,stutter,3,1,73,30,2.1,2.1,0.0,0.26666666666666666,0.26666666666666666,3.0,3.0,30,0
progress:bimanual_put_bottle_in_fridge/left:d1:stutter:m6,bimanual_put_bottle_in_fridge,left,1,stutter,6,1,73,33,4.090909090909091,4.090909090909091,0.0,0.24242424242424243,0.24242424242424243,6.0,6.0,33,0
progress:bimanual_put_bottle_in_fridge/left:d1:skip:m2,bimanual_put_bottle_in_fridge,left,1,skip,2,1,73,25,1.36,1.36,0.0,0.32,0.32,2.0,2.0,25,0
progress:bimanual_put_bottle_in_fridge/left:d1:skip:m4,bimanual_put_bottle_in_fridge,left,1,skip,4,1,73,23,2.608695652173913,2.608695652173913,0.0,0.34782608695652173,0.34782608695652173,4.0,4.0,23,0
progress:bimanual_put_bottle_in_fridge/left:d2:normal:m0,bimanual_put_bottle_in_fridge,left,2,normal,0,1,73,27,0.0,0.0,0.0,1.0,1.0,0.0,0.0,27,0
progress:bimanual_put_bottle_in_fridge/left:d2:stutter:m3,bimanual_put_bottle_in_fridge,left,2,stutter,3,1,73,30,2.1,2.1,0.0,0.26666666666666666,0.26666666666666666,3.0,3.0,30,0
progress:bimanual_put_bottle_in_fridge/left:d2:stutter:m6,bimanual_put_bottle_in_fridge,left,2,stutter,6,1,73,33,4.090909090909091,4.090909090909091,0.0,0.24242424242424243,0.24242424242424243,6.0,6.0,33,0
progress:bimanual_put_bottle_in_fridge/left:d2:skip:m2,bimanual_put_bottle_in_fridge,left,2,skip,2,1,73,25,1.36,1.36,0.0,0.32,0.32,2.0,2.0,25,0
progress:bimanual_put_bottle_in_fridge/left:d2:skip:m4,bimanual_put_bottle_in_fridge,left,2,skip,4,1,73,23,2.608695652173913,2.608695652173913,0.0,0.34782608695652173,0.34782608695652173,4.0,4.0,23,0
progress:bimanual_put_bottle_in_fridge/left:d3:normal:m0,bimanual_put_bottle_in_fridge,left,3,normal,0,1,73,27,0.0,0.0,0.0,1.0,1.0,0.0,0.0,27,0
progress:bimanual_put_bottle_in_fridge/left:d3:stutter:m3,bimanual_put_bottle_in_fridge,left,3,stutter,3,1,73,30,2.1,2.1,0.0,0.26666666666666666,0.26666666666666666,3.0,3.0,30,0
progress:bimanual_put_bottle_in_fridge/left:d3:stutter:m6,bimanual_put_bottle_in_fridge,left,3,stutter,6,1,73,33,4.090909090909091,4.090909090909091,0.0,0.24242424242424243,0.24242424242424243,6.0,6.0,33,0
progress:bimanual_put_bottle_in_fridge/left:d3:skip:m2,bimanual_put_bottle_in_fridge,left,3,skip,2,1,73,25,1.36,1.36,0.0,0.32,0.32,2.0,2.0,25,0
progress:bimanual_put_bottle_in_fridge/left:d3:skip:m4,bimanual_put_bottle_in_fridge,left,3,skip,4,1,73,23,2.608695652173913,2.608695652173913,0.0,0.34782608695652173,0.34782608695652173,4.0,4.0,23,0
progress:bimanual_put_bottle_in_fridge/left:d4:normal:m0,bimanual_put_bottle_in_fridge,left,4,normal,0,1,73,27,0.0,0.0,0.0,1.0,1.0,0.0,0.0,27,0
progress:bimanual_put_bottle_in_fridge/left:d4:stutter:m3,bimanual_put_bottle_in_fridge,left,4,stutter,3,1,73,30,2.1,2.1,0.0,0.26666666666666666,0.26666666666666666,3.0,3.0,30,0
progress:bimanual_put_bottle_in_fridge/left:d4:stutter:m6,bimanual_put_bottle_in_fridge,left,4,stutter,6,1,73,33,4.090909090909091,4.090909090909091,0.0,0.24242424242424243,0.24242424242424243,6.0,6.0,33,0
progress:bimanual_put_bottle_in_fridge/left:d4:skip:m2,bimanual_put_bottle_in_fridge,left,4,skip,2,1,73,25,1.36,1.36,0.0,0.32,0.32,2.0,2.0,25,0
progress:bimanual_put_bottle_in_fridge/left:d4:skip:m4,bimanual_put_bottle_in_fridge,left,4,skip,4,1,73,23,2.608695652173913,2.608695652173913,0.0,0.34782608695652173,0.34782608695652173,4.0,4.0,23,0
progress:bimanual_put_bottle_in_fridge/right:d0:normal:m0,bimanual_put_bottle_in_fridge,right,0,normal,0,0,51,27,0.0,2.2222222222222223,-2.2222222222222223,1.0,0.25925925925925924,0.0,6.0,0,0
progress:bimanual_put_bottle_in_fridge/right:d0:stutter:m3,bimanual_put_bottle_in_fridge,right,0,stutter,3,0,51,30,2.1,1.5,0.6000000000000001,0.26666666666666666,0.26666666666666666,3.0,4.0,0,1
progress:bimanual_put_bottle_in_fridge/right:d0:stutter:m6,bimanual_put_bottle_in_fridge,right,0,stutter,6,0,51,33,4.090909090909091,1.696969696969697,2.3939393939393936,0.24242424242424243,0.24242424242424243,6.0,4.0,0,1
progress:bimanual_put_bottle_in_fridge/right:d0:skip:m2,bimanual_put_bottle_in_fridge,right,0,skip,2,0,51,25,1.36,2.88,-1.5199999999999998,0.32,0.24,2.0,6.0,0,0
progress:bimanual_put_bottle_in_fridge/right:d0:skip:m4,bimanual_put_bottle_in_fridge,right,0,skip,4,0,51,23,2.608695652173913,3.5217391304347827,-0.9130434782608696,0.34782608695652173,0.2608695652173913,4.0,7.0,0,0
progress:bimanual_put_bottle_in_fridge/right:d1:normal:m0,bimanual_put_bottle_in_fridge,right,1,normal,0,0,51,27,0.0,6.851851851851852,-6.851851851851852,1.0,0.037037037037037035,0.0,9.0,0,0
progress:bimanual_put_bottle_in_fridge/right:d1:stutter:m3,bimanual_put_bottle_in_fridge,right,1,stutter,3,0,51,30,2.1,8.5,-6.4,0.26666666666666666,0.03333333333333333,3.0,11.0,0,0
progress:bimanual_put_bottle_in_fridge/right:d1:stutter:m6,bimanual_put_bottle_in_fridge,right,1,stutter,6,0,51,33,4.090909090909091,10.333333333333334,-6.242424242424243,0.24242424242424243,0.030303030303030304,6.0,15.0,0,0
progress:bimanual_put_bottle_in_fridge/right:d1:skip:m2,bimanual_put_bottle_in_fridge,right,1,skip,2,0,51,25,1.36,5.36,-4.0,0.32,0.04,2.0,7.0,0,0
progress:bimanual_put_bottle_in_fridge/right:d1:skip:m4,bimanual_put_bottle_in_fridge,right,1,skip,4,0,51,23,2.608695652173913,3.608695652173913,-1.0,0.34782608695652173,0.043478260869565216,4.0,4.0,0,0
progress:bimanual_put_bottle_in_fridge/right:d2:normal:m0,bimanual_put_bottle_in_fridge,right,2,normal,0,0,51,27,0.0,1.5555555555555556,-1.5555555555555556,1.0,0.2962962962962963,0.0,2.0,0,0
progress:bimanual_put_bottle_in_fridge/right:d2:stutter:m3,bimanual_put_bottle_in_fridge,right,2,stutter,3,0,51,30,2.1,1.3,0.8,0.26666666666666666,0.36666666666666664,3.0,2.0,0,1
progress:bimanual_put_bottle_in_fridge/right:d2:stutter:m6,bimanual_put_bottle_in_fridge,right,2,stutter,6,0,51,33,4.090909090909091,1.5757575757575757,2.515151515151515,0.24242424242424243,0.3333333333333333,6.0,2.0,0,1
progress:bimanual_put_bottle_in_fridge/right:d2:skip:m2,bimanual_put_bottle_in_fridge,right,2,skip,2,0,51,25,1.36,1.88,-0.5199999999999998,0.32,0.32,2.0,2.0,0,0
progress:bimanual_put_bottle_in_fridge/right:d2:skip:m4,bimanual_put_bottle_in_fridge,right,2,skip,4,0,51,23,2.608695652173913,1.9565217391304348,0.6521739130434783,0.34782608695652173,0.34782608695652173,4.0,2.0,0,1
progress:bimanual_put_bottle_in_fridge/right:d3:normal:m0,bimanual_put_bottle_in_fridge,right,3,normal,0,0,51,27,0.0,1.2962962962962963,-1.2962962962962963,1.0,0.07407407407407407,0.0,2.0,0,0
progress:bimanual_put_bottle_in_fridge/right:d3:stutter:m3,bimanual_put_bottle_in_fridge,right,3,stutter,3,0,51,30,2.1,1.5,0.6000000000000001,0.26666666666666666,0.03333333333333333,3.0,2.0,0,1
progress:bimanual_put_bottle_in_fridge/right:d3:stutter:m6,bimanual_put_bottle_in_fridge,right,3,stutter,6,0,51,33,4.090909090909091,2.0303030303030303,2.0606060606060606,0.24242424242424243,0.030303030303030304,6.0,2.0,0,1
progress:bimanual_put_bottle_in_fridge/right:d3:skip:m2,bimanual_put_bottle_in_fridge,right,3,skip,2,0,51,25,1.36,1.08,0.28,0.32,0.28,2.0,2.0,0,1
progress:bimanual_put_bottle_in_fridge/right:d3:skip:m4,bimanual_put_bottle_in_fridge,right,3,skip,4,0,51,23,2.608695652173913,1.3043478260869565,1.3043478260869565,0.34782608695652173,0.13043478260869565,4.0,2.0,0,1
progress:bimanual_put_bottle_in_fridge/right:d4:normal:m0,bimanual_put_bottle_in_fridge,right,4,normal,0,0,51,27,0.0,2.6296296296296298,-2.6296296296296298,1.0,0.25925925925925924,0.0,7.0,0,0
progress:bimanual_put_bottle_in_fridge/right:d4:stutter:m3,bimanual_put_bottle_in_fridge,right,4,stutter,3,0,51,30,2.1,1.7666666666666666,0.3333333333333335,0.26666666666666666,0.3333333333333333,3.0,6.0,0,1
progress:bimanual_put_bottle_in_fridge/right:d4:stutter:m6,bimanual_put_bottle_in_fridge,right,4,stutter,6,0,51,33,4.090909090909091,1.6666666666666667,2.424242424242424,0.24242424242424243,0.3333333333333333,6.0,5.0,0,1
progress:bimanual_put_bottle_in_fridge/right:d4:skip:m2,bimanual_put_bottle_in_fridge,right,4,skip,2,0,51,25,1.36,3.36,-1.9999999999999998,0.32,0.28,2.0,7.0,0,0
progress:bimanual_put_bottle_in_fridge/right:d4:skip:m4,bimanual_put_bottle_in_fridge,right,4,skip,4,0,51,23,2.608695652173913,4.0,-1.391304347826087,0.34782608695652173,0.30434782608695654,4.0,8.0,0,0
progress:bimanual_sweep_to_dustpan/left:d0:normal:m0,bimanual_sweep_to_dustpan,left,0,normal,0,0,26,27,0.0,0.0,0.0,1.0,1.0,0.0,0.0,0,0
progress:bimanual_sweep_to_dustpan/left:d0:stutter:m3,bimanual_sweep_to_dustpan,left,0,stutter,3,0,26,30,2.1,0.0,2.1,0.26666666666666666,1.0,3.0,0.0,0,1
progress:bimanual_sweep_to_dustpan/left:d0:stutter:m6,bimanual_sweep_to_dustpan,left,0,stutter,6,0,26,33,4.090909090909091,0.0,4.090909090909091,0.24242424242424243,1.0,6.0,0.0,0,1
progress:bimanual_sweep_to_dustpan/left:d0:skip:m2,bimanual_sweep_to_dustpan,left,0,skip,2,0,26,25,1.36,0.0,1.36,0.32,1.0,2.0,0.0,0,1
progress:bimanual_sweep_to_dustpan/left:d0:skip:m4,bimanual_sweep_to_dustpan,left,0,skip,4,0,26,23,2.608695652173913,2.608695652173913,0.0,0.34782608695652173,0.34782608695652173,4.0,4.0,15,0
progress:bimanual_sweep_to_dustpan/left:d1:normal:m0,bimanual_sweep_to_dustpan,left,1,normal,0,0,26,27,0.0,0.5185185185185185,-0.5185185185185185,1.0,0.48148148148148145,0.0,1.0,0,0
progress:bimanual_sweep_to_dustpan/left:d1:stutter:m3,bimanual_sweep_to_dustpan,left,1,stutter,3,0,26,30,2.1,0.4666666666666667,1.6333333333333333,0.26666666666666666,0.5333333333333333,3.0,1.0,0,1
progress:bimanual_sweep_to_dustpan/left:d1:stutter:m6,bimanual_sweep_to_dustpan,left,1,stutter,6,0,26,33,4.090909090909091,0.42424242424242425,3.6666666666666665,0.24242424242424243,0.5757575757575758,6.0,1.0,0,1
progress:bimanual_sweep_to_dustpan/left:d1:skip:m2,bimanual_sweep_to_dustpan,left,1,skip,2,0,26,25,1.36,0.56,0.8,0.32,0.44,2.0,1.0,0,1
progress:bimanual_sweep_to_dustpan/left:d1:skip:m4,bimanual_sweep_to_dustpan,left,1,skip,4,0,26,23,2.608695652173913,1.1304347826086956,1.4782608695652175,0.34782608695652173,0.34782608695652173,4.0,1.0,3,1
progress:bimanual_sweep_to_dustpan/left:d2:normal:m0,bimanual_sweep_to_dustpan,left,2,normal,0,0,26,27,0.0,0.0,0.0,1.0,1.0,0.0,0.0,0,0
progress:bimanual_sweep_to_dustpan/left:d2:stutter:m3,bimanual_sweep_to_dustpan,left,2,stutter,3,0,26,30,2.1,0.0,2.1,0.26666666666666666,1.0,3.0,0.0,0,1
progress:bimanual_sweep_to_dustpan/left:d2:stutter:m6,bimanual_sweep_to_dustpan,left,2,stutter,6,0,26,33,4.090909090909091,0.0,4.090909090909091,0.24242424242424243,1.0,6.0,0.0,0,1
progress:bimanual_sweep_to_dustpan/left:d2:skip:m2,bimanual_sweep_to_dustpan,left,2,skip,2,0,26,25,1.36,0.0,1.36,0.32,1.0,2.0,0.0,0,1
progress:bimanual_sweep_to_dustpan/left:d2:skip:m4,bimanual_sweep_to_dustpan,left,2,skip,4,0,26,23,2.608695652173913,2.608695652173913,0.0,0.34782608695652173,0.34782608695652173,4.0,4.0,15,0
progress:bimanual_sweep_to_dustpan/left:d3:normal:m0,bimanual_sweep_to_dustpan,left,3,normal,0,0,26,27,0.0,0.0,0.0,1.0,1.0,0.0,0.0,0,0
progress:bimanual_sweep_to_dustpan/left:d3:stutter:m3,bimanual_sweep_to_dustpan,left,3,stutter,3,0,26,30,2.1,0.0,2.1,0.26666666666666666,1.0,3.0,0.0,0,1
progress:bimanual_sweep_to_dustpan/left:d3:stutter:m6,bimanual_sweep_to_dustpan,left,3,stutter,6,0,26,33,4.090909090909091,0.0,4.090909090909091,0.24242424242424243,1.0,6.0,0.0,0,1
progress:bimanual_sweep_to_dustpan/left:d3:skip:m2,bimanual_sweep_to_dustpan,left,3,skip,2,0,26,25,1.36,0.0,1.36,0.32,1.0,2.0,0.0,0,1
progress:bimanual_sweep_to_dustpan/left:d3:skip:m4,bimanual_sweep_to_dustpan,left,3,skip,4,0,26,23,2.608695652173913,2.608695652173913,0.0,0.34782608695652173,0.34782608695652173,4.0,4.0,15,0
progress:bimanual_sweep_to_dustpan/left:d4:normal:m0,bimanual_sweep_to_dustpan,left,4,normal,0,0,26,27,0.0,0.0,0.0,1.0,1.0,0.0,0.0,0,0
progress:bimanual_sweep_to_dustpan/left:d4:stutter:m3,bimanual_sweep_to_dustpan,left,4,stutter,3,0,26,30,2.1,0.0,2.1,0.26666666666666666,1.0,3.0,0.0,0,1
progress:bimanual_sweep_to_dustpan/left:d4:stutter:m6,bimanual_sweep_to_dustpan,left,4,stutter,6,0,26,33,4.090909090909091,0.0,4.090909090909091,0.24242424242424243,1.0,6.0,0.0,0,1
progress:bimanual_sweep_to_dustpan/left:d4:skip:m2,bimanual_sweep_to_dustpan,left,4,skip,2,0,26,25,1.36,0.0,1.36,0.32,1.0,2.0,0.0,0,1
progress:bimanual_sweep_to_dustpan/left:d4:skip:m4,bimanual_sweep_to_dustpan,left,4,skip,4,0,26,23,2.608695652173913,2.608695652173913,0.0,0.34782608695652173,0.34782608695652173,4.0,4.0,15,0
progress:bimanual_sweep_to_dustpan/right:d0:normal:m0,bimanual_sweep_to_dustpan,right,0,normal,0,0,26,27,0.0,0.0,0.0,1.0,1.0,0.0,0.0,0,0
progress:bimanual_sweep_to_dustpan/right:d0:stutter:m3,bimanual_sweep_to_dustpan,right,0,stutter,3,0,26,30,2.1,0.0,2.1,0.26666666666666666,1.0,3.0,0.0,0,1
progress:bimanual_sweep_to_dustpan/right:d0:stutter:m6,bimanual_sweep_to_dustpan,right,0,stutter,6,0,26,33,4.090909090909091,0.0,4.090909090909091,0.24242424242424243,1.0,6.0,0.0,0,1
progress:bimanual_sweep_to_dustpan/right:d0:skip:m2,bimanual_sweep_to_dustpan,right,0,skip,2,0,26,25,1.36,0.0,1.36,0.32,1.0,2.0,0.0,0,1
progress:bimanual_sweep_to_dustpan/right:d0:skip:m4,bimanual_sweep_to_dustpan,right,0,skip,4,0,26,23,2.608695652173913,2.608695652173913,0.0,0.34782608695652173,0.34782608695652173,4.0,4.0,15,0
progress:bimanual_sweep_to_dustpan/right:d1:normal:m0,bimanual_sweep_to_dustpan,right,1,normal,0,0,26,27,0.0,0.9629629629629629,-0.9629629629629629,1.0,0.48148148148148145,0.0,2.0,0,0
progress:bimanual_sweep_to_dustpan/right:d1:stutter:m3,bimanual_sweep_to_dustpan,right,1,stutter,3,0,26,30,2.1,0.8666666666666667,1.2333333333333334,0.26666666666666666,0.5333333333333333,3.0,2.0,0,1
progress:bimanual_sweep_to_dustpan/right:d1:stutter:m6,bimanual_sweep_to_dustpan,right,1,stutter,6,0,26,33,4.090909090909091,0.7878787878787878,3.3030303030303028,0.24242424242424243,0.5757575757575758,6.0,2.0,0,1
progress:bimanual_sweep_to_dustpan/right:d1:skip:m2,bimanual_sweep_to_dustpan,right,1,skip,2,0,26,25,1.36,1.04,0.32000000000000006,0.32,0.44,2.0,2.0,0,1
progress:bimanual_sweep_to_dustpan/right:d1:skip:m4,bimanual_sweep_to_dustpan,right,1,skip,4,0,26,23,2.608695652173913,1.565217391304348,1.0434782608695652,0.34782608695652173,0.34782608695652173,4.0,2.0,3,1
progress:bimanual_sweep_to_dustpan/right:d2:normal:m0,bimanual_sweep_to_dustpan,right,2,normal,0,0,26,27,0.0,0.0,0.0,1.0,1.0,0.0,0.0,0,0
progress:bimanual_sweep_to_dustpan/right:d2:stutter:m3,bimanual_sweep_to_dustpan,right,2,stutter,3,0,26,30,2.1,0.0,2.1,0.26666666666666666,1.0,3.0,0.0,0,1
progress:bimanual_sweep_to_dustpan/right:d2:stutter:m6,bimanual_sweep_to_dustpan,right,2,stutter,6,0,26,33,4.090909090909091,0.0,4.090909090909091,0.24242424242424243,1.0,6.0,0.0,0,1
progress:bimanual_sweep_to_dustpan/right:d2:skip:m2,bimanual_sweep_to_dustpan,right,2,skip,2,0,26,25,1.36,0.0,1.36,0.32,1.0,2.0,0.0,0,1
progress:bimanual_sweep_to_dustpan/right:d2:skip:m4,bimanual_sweep_to_dustpan,right,2,skip,4,0,26,23,2.608695652173913,2.608695652173913,0.0,0.34782608695652173,0.34782608695652173,4.0,4.0,15,0
progress:bimanual_sweep_to_dustpan/right:d3:normal:m0,bimanual_sweep_to_dustpan,right,3,normal,0,0,26,27,0.0,0.0,0.0,1.0,1.0,0.0,0.0,0,0
progress:bimanual_sweep_to_dustpan/right:d3:stutter:m3,bimanual_sweep_to_dustpan,right,3,stutter,3,0,26,30,2.1,0.0,2.1,0.26666666666666666,1.0,3.0,0.0,0,1
progress:bimanual_sweep_to_dustpan/right:d3:stutter:m6,bimanual_sweep_to_dustpan,right,3,stutter,6,0,26,33,4.090909090909091,0.0,4.090909090909091,0.24242424242424243,1.0,6.0,0.0,0,1
progress:bimanual_sweep_to_dustpan/right:d3:skip:m2,bimanual_sweep_to_dustpan,right,3,skip,2,0,26,25,1.36,0.0,1.36,0.32,1.0,2.0,0.0,0,1
progress:bimanual_sweep_to_dustpan/right:d3:skip:m4,bimanual_sweep_to_dustpan,right,3,skip,4,0,26,23,2.608695652173913,2.608695652173913,0.0,0.34782608695652173,0.34782608695652173,4.0,4.0,15,0
progress:bimanual_sweep_to_dustpan/right:d4:normal:m0,bimanual_sweep_to_dustpan,right,4,normal,0,0,26,27,0.0,0.0,0.0,1.0,1.0,0.0,0.0,0,0
progress:bimanual_sweep_to_dustpan/right:d4:stutter:m3,bimanual_sweep_to_dustpan,right,4,stutter,3,0,26,30,2.1,0.0,2.1,0.26666666666666666,1.0,3.0,0.0,0,1
progress:bimanual_sweep_to_dustpan/right:d4:stutter:m6,bimanual_sweep_to_dustpan,right,4,stutter,6,0,26,33,4.090909090909091,0.0,4.090909090909091,0.24242424242424243,1.0,6.0,0.0,0,1
progress:bimanual_sweep_to_dustpan/right:d4:skip:m2,bimanual_sweep_to_dustpan,right,4,skip,2,0,26,25,1.36,0.0,1.36,0.32,1.0,2.0,0.0,0,1
progress:bimanual_sweep_to_dustpan/right:d4:skip:m4,bimanual_sweep_to_dustpan,right,4,skip,4,0,26,23,2.608695652173913,2.608695652173913,0.0,0.34782608695652173,0.34782608695652173,4.0,4.0,15,0
