task,arm,boundary,transaction_group,demonstration,premature_preterminal_permits,first_terminal_hold_permit_cycle,final_terminal_hold_local_done,final_guard_evidence_available,final_guard_raw_satisfied,expected_directional_wait,final_terminal_hold_permitted,accepted
bimanual_handover_item,left,left:0->1,,0,0,1,1,1,1,0,1,1
bimanual_handover_item,left,left:0->1,,1,0,1,1,1,1,0,1,1
bimanual_handover_item,left,left:0->1,,2,0,1,1,1,1,0,1,1
bimanual_handover_item,left,left:0->1,,3,0,1,1,1,1,0,1,1
bimanual_handover_item,left,left:0->1,,4,0,1,1,1,1,0,1,1
bimanual_handover_item,left,left:1->2,,0,0,1,1,1,1,0,1,1
bimanual_handover_item,left,left:1->2,,1,0,1,1,1,1,0,1,1
bimanual_handover_item,left,left:1->2,,2,0,1,1,1,1,0,1,1
bimanual_handover_item,left,left:1->2,,3,0,1,1,1,1,0,1,1
bimanual_handover_item,left,left:1->2,,4,0,1,1,1,1,0,1,1
bimanual_handover_item,left,left:2->3,,0,0,1,1,1,1,0,1,1
bimanual_handover_item,left,left:2->3,,1,0,1,1,1,1,0,1,1
bimanual_handover_item,left,left:2->3,,2,0,1,1,1,1,0,1,1
bimanual_handover_item,left,left:2->3,,3,0,1,1,1,1,0,1,1
bimanual_handover_item,left,left:2->3,,4,0,1,1,1,1,0,1,1
bimanual_handover_item,left,left:3->4,,0,0,0,1,1,1,0,1,1
bimanual_handover_item,left,left:3->4,,1,0,0,1,1,1,0,1,1
bimanual_handover_item,left,left:3->4,,2,0,0,1,1,1,0,1,1
bimanual_handover_item,left,left:3->4,,3,0,0,1,1,1,0,1,1
bimanual_handover_item,left,left:3->4,,4,0,0,1,1,1,0,1,1
bimanual_handover_item,left,left:4->5,,0,0,1,1,1,1,0,1,1
bimanual_handover_item,left,left:4->5,,1,0,1,1,1,1,0,1,1
bimanual_handover_item,left,left:4->5,,2,0,1,1,1,1,0,1,1
bimanual_handover_item,left,left:4->5,,3,0,1,1,1,1,0,1,1
bimanual_handover_item,left,left:4->5,,4,0,1,1,1,1,0,1,1
bimanual_handover_item,left,left:5->6,,0,0,-1,1,1,0,1,0,1
bimanual_handover_item,left,left:5->6,,1,0,-1,1,1,0,1,0,1
bimanual_handover_item,left,left:5->6,,2,0,-1,1,1,0,1,0,1
bimanual_handover_item,left,left:5->6,,3,0,-1,1,1,0,1,0,1
bimanual_handover_item,left,left:5->6,,4,0,-1,1,1,0,1,0,1
bimanual_handover_item,right,right:0->1,,0,0,1,1,1,1,0,1,1
bimanual_handover_item,right,right:0->1,,1,0,1,1,1,1,0,1,1
bimanual_handover_item,right,right:0->1,,2,0,1,1,1,1,0,1,1
bimanual_handover_item,right,right:0->1,,3,0,1,1,1,1,0,1,1
bimanual_handover_item,right,right:0->1,,4,0,1,1,1,1,0,1,1
bimanual_handover_item,right,right:1->2,,0,0,0,1,1,1,0,1,1
bimanual_handover_item,right,right:1->2,,1,0,0,1,1,1,0,1,1
bimanual_handover_item,right,right:1->2,,2,0,0,1,1,1,0,1,1
bimanual_handover_item,right,right:1->2,,3,0,0,1,1,1,0,1,1
bimanual_handover_item,right,right:1->2,,4,0,0,1,1,1,0,1,1
bimanual_handover_item,right,right:2->3,,0,0,0,1,1,1,0,1,1
bimanual_handover_item,right,right:2->3,,1,0,0,1,1,1,0,1,1
bimanual_handover_item,right,right:2->3,,2,0,0,1,1,1,0,1,1
bimanual_handover_item,right,right:2->3,,3,0,0,1,1,1,0,1,1
bimanual_handover_item,right,right:2->3,,4,0,0,1,1,1,0,1,1
bimanual_handover_item,right,right:3->4,,0,0,0,1,1,1,0,1,1
bimanual_handover_item,right,right:3->4,,1,0,0,1,1,1,0,1,1
bimanual_handover_item,right,right:3->4,,2,0,0,1,1,1,0,1,1
bimanual_handover_item,right,right:3->4,,3,0,0,1,1,1,0,1,1
bimanual_handover_item,right,right:3->4,,4,0,0,1,1,1,0,1,1
bimanual_handover_item,right,right:4->5,,0,0,0,1,1,1,0,1,1
bimanual_handover_item,right,right:4->5,,1,0,0,1,1,1,0,1,1
bimanual_handover_item,right,right:4->5,,2,0,0,1,1,1,0,1,1
bimanual_handover_item,right,right:4->5,,3,0,0,1,1,1,0,1,1
bimanual_handover_item,right,right:4->5,,4,0,0,1,1,1,0,1,1
bimanual_handover_item,right,right:5->6,,0,0,0,1,1,1,0,1,1
bimanual_handover_item,right,right:5->6,,1,0,0,1,1,1,0,1,1
bimanual_handover_item,right,right:5->6,,2,0,0,1,1,1,0,1,1
bimanual_handover_item,right,right:5->6,,3,0,0,1,1,1,0,1,1
bimanual_handover_item,right,right:5->6,,4,0,0,1,1,1,0,1,1
bimanual_lift_tray,left,left:0->1,,0,0,1,1,1,1,0,1,1
bimanual_lift_tray,left,left:0->1,,1,0,1,1,1,1,0,1,1
bimanual_lift_tray,left,left:0->1,,2,0,1,1,1,1,0,1,1
bimanual_lift_tray,left,left:0->1,,3,0,1,1,1,1,0,1,1
bimanual_lift_tray,left,left:0->1,,4,0,1,1,1,1,0,1,1
bimanual_lift_tray,left,left:1->2,joint:left-k1-to-2:right-k1-to-2:item-tray,0,0,1,1,1,1,0,1,1
bimanual_lift_tray,left,left:1->2,joint:left-k1-to-2:right-k1-to-2:item-tray,1,0,1,1,1,1,0,1,1
bimanual_lift_tray,left,left:1->2,joint:left-k1-to-2:right-k1-to-2:item-tray,2,0,1,1,1,1,0,1,1
bimanual_lift_tray,left,left:1->2,joint:left-k1-to-2:right-k1-to-2:item-tray,3,0,1,1,1,1,0,1,1
bimanual_lift_tray,left,left:1->2,joint:left-k1-to-2:right-k1-to-2:item-tray,4,0,1,1,1,1,0,1,1
bimanual_lift_tray,right,right:0->1,,0,0,1,1,1,1,0,1,1
bimanual_lift_tray,right,right:0->1,,1,0,1,1,1,1,0,1,1
bimanual_lift_tray,right,right:0->1,,2,0,1,1,1,1,0,1,1
bimanual_lift_tray,right,right:0->1,,3,0,1,1,1,1,0,1,1
bimanual_lift_tray,right,right:0->1,,4,0,1,1,1,1,0,1,1
bimanual_lift_tray,right,right:1->2,joint:left-k1-to-2:right-k1-to-2:item-tray,0,0,1,1,1,1,0,1,1
bimanual_lift_tray,right,right:1->2,joint:left-k1-to-2:right-k1-to-2:item-tray,1,0,1,1,1,1,0,1,1
bimanual_lift_tray,right,right:1->2,joint:left-k1-to-2:right-k1-to-2:item-tray,2,0,1,1,1,1,0,1,1
bimanual_lift_tray,right,right:1->2,joint:left-k1-to-2:right-k1-to-2:item-tray,3,0,1,1,1,1,0,1,1
bimanual_lift_tray,right,right:1->2,joint:left-k1-to-2:right-k1-to-2:item-tray,4,0,1,1,1,1,0,1,1
bimanual_put_bottle_in_fridge,left,left:0->1,,0,0,0,1,1,1,0,1,1
bimanual_put_bottle_in_fridge,left,left:0->1,,1,0,0,1,1,1,0,1,1
bimanual_put_bottle_in_fridge,left,left:0->1,,2,0,0,1,1,1,0,1,1
bimanual_put_bottle_in_fridge,left,left:0->1,,3,0,0,1,1,1,0,1,1
bimanual_put_bottle_in_fridge,left,left:0->1,,4,0,0,1,1,1,0,1,1
bimanual_put_bottle_in_fridge,left,left:1->2,,0,0,0,1,1,1,0,1,1
bimanual_put_bottle_in_fridge,left,left:1->2,,1,0,0,1,1,1,0,1,1
bimanual_put_bottle_in_fridge,left,left:1->2,,2,0,0,1,1,1,0,1,1
bimanual_put_bottle_in_fridge,left,left:1->2,,3,0,0,1,1,1,0,1,1
bimanual_put_bottle_in_fridge,left,left:1->2,,4,0,0,1,1,1,0,1,1
bimanual_put_bottle_in_fridge,right,right:0->1,,0,0,0,1,1,1,0,1,1
bimanual_put_bottle_in_fridge,right,right:0->1,,1,0,0,1,1,1,0,1,1
bimanual_put_bottle_in_fridge,right,right:0->1,,2,0,0,1,1,1,0,1,1
bimanual_put_bottle_in_fridge,right,right:0->1,,3,0,0,1,1,1,0,1,1
bimanual_put_bottle_in_fridge,right,right:0->1,,4,0,0,1,1,1,0,1,1
bimanual_put_bottle_in_fridge,right,right:1->2,,0,0,0,1,1,1,0,1,1
bimanual_put_bottle_in_fridge,right,right:1->2,,1,0,0,1,1,1,0,1,1
bimanual_put_bottle_in_fridge,right,right:1->2,,2,0,0,1,1,1,0,1,1
bimanual_put_bottle_in_fridge,right,right:1->2,,3,0,0,1,1,1,0,1,1
bimanual_put_bottle_in_fridge,right,right:1->2,,4,0,0,1,1,1,0,1,1
bimanual_sweep_to_dustpan,left,left:0->1,,0,0,0,1,1,1,0,1,1
bimanual_sweep_to_dustpan,left,left:0->1,,1,0,0,1,1,1,0,1,1
bimanual_sweep_to_dustpan,left,left:0->1,,2,0,0,1,1,1,0,1,1
bimanual_sweep_to_dustpan,left,left:0->1,,3,0,0,1,1,1,0,1,1
bimanual_sweep_to_dustpan,left,left:0->1,,4,0,0,1,1,1,0,1,1
bimanual_sweep_to_dustpan,left,left:1->2,,0,0,0,1,1,1,0,1,1
bimanual_sweep_to_dustpan,left,left:1->2,,1,0,0,1,1,1,0,1,1
bimanual_sweep_to_dustpan,left,left:1->2,,2,0,0,1,1,1,0,1,1
bimanual_sweep_to_dustpan,left,left:1->2,,3,0,0,1,1,1,0,1,1
bimanual_sweep_to_dustpan,left,left:1->2,,4,0,0,1,1,1,0,1,1
bimanual_sweep_to_dustpan,left,left:2->3,,0,0,0,1,1,1,0,1,1
bimanual_sweep_to_dustpan,left,left:2->3,,1,0,0,1,1,1,0,1,1
bimanual_sweep_to_dustpan,left,left:2->3,,2,0,0,1,1,1,0,1,1
bimanual_sweep_to_dustpan,left,left:2->3,,3,0,0,1,1,1,0,1,1
bimanual_sweep_to_dustpan,left,left:2->3,,4,0,0,1,1,1,0,1,1
bimanual_sweep_to_dustpan,left,left:3->4,,0,0,0,1,1,1,0,1,1
bimanual_sweep_to_dustpan,left,left:3->4,,1,0,0,1,1,1,0,1,1
bimanual_sweep_to_dustpan,left,left:3->4,,2,0,0,1,1,1,0,1,1
bimanual_sweep_to_dustpan,left,left:3->4,,3,0,0,1,1,1,0,1,1
bimanual_sweep_to_dustpan,left,left:3->4,,4,0,0,1,1,1,0,1,1
bimanual_sweep_to_dustpan,right,right:0->1,,0,0,0,1,1,1,0,1,1
bimanual_sweep_to_dustpan,right,right:0->1,,1,0,0,1,1,1,0,1,1
bimanual_sweep_to_dustpan,right,right:0->1,,2,0,0,1,1,1,0,1,1
bimanual_sweep_to_dustpan,right,right:0->1,,3,0,0,1,1,1,0,1,1
bimanual_sweep_to_dustpan,right,right:0->1,,4,0,0,1,1,1,0,1,1
bimanual_sweep_to_dustpan,right,right:1->2,,0,0,0,1,1,1,0,1,1
bimanual_sweep_to_dustpan,right,right:1->2,,1,0,0,1,1,1,0,1,1
bimanual_sweep_to_dustpan,right,right:1->2,,2,0,0,1,1,1,0,1,1
bimanual_sweep_to_dustpan,right,right:1->2,,3,0,0,1,1,1,0,1,1
bimanual_sweep_to_dustpan,right,right:1->2,,4,0,0,1,1,1,0,1,1
bimanual_sweep_to_dustpan,right,right:2->3,,0,0,0,1,1,1,0,1,1
bimanual_sweep_to_dustpan,right,right:2->3,,1,0,0,1,1,1,0,1,1
bimanual_sweep_to_dustpan,right,right:2->3,,2,0,0,1,1,1,0,1,1
bimanual_sweep_to_dustpan,right,right:2->3,,3,0,0,1,1,1,0,1,1
bimanual_sweep_to_dustpan,right,right:2->3,,4,0,0,1,1,1,0,1,1
bimanual_sweep_to_dustpan,right,right:3->4,,0,0,0,1,1,1,0,1,1
bimanual_sweep_to_dustpan,right,right:3->4,,1,0,0,1,1,1,0,1,1
bimanual_sweep_to_dustpan,right,right:3->4,,2,0,0,1,1,1,0,1,1
bimanual_sweep_to_dustpan,right,right:3->4,,3,0,0,1,1,1,0,1,1
bimanual_sweep_to_dustpan,right,right:3->4,,4,0,0,1,1,1,0,1,1
open_microwave,single,single:0->1,,0,0,0,1,1,1,0,1,1
open_microwave,single,single:0->1,,1,0,0,1,1,1,0,1,1
open_microwave,single,single:0->1,,2,0,0,1,1,1,0,1,1
open_microwave,single,single:0->1,,3,0,0,1,1,1,0,1,1
open_microwave,single,single:0->1,,4,0,0,1,1,1,0,1,1
open_microwave,single,single:1->2,,0,0,0,1,1,1,0,1,1
open_microwave,single,single:1->2,,1,0,0,1,1,1,0,1,1
open_microwave,single,single:1->2,,2,0,0,1,1,1,0,1,1
open_microwave,single,single:1->2,,3,0,0,1,1,1,0,1,1
open_microwave,single,single:1->2,,4,0,0,1,1,1,0,1,1
place_cups,single,single:0->1,,0,0,0,1,1,1,0,1,1
place_cups,single,single:0->1,,1,0,0,1,1,1,0,1,1
place_cups,single,single:0->1,,2,0,0,1,1,1,0,1,1
place_cups,single,single:0->1,,3,0,0,1,1,1,0,1,1
place_cups,single,single:0->1,,4,0,0,1,1,1,0,1,1
place_cups,single,single:1->2,,0,0,0,1,1,1,0,1,1
place_cups,single,single:1->2,,1,0,0,1,1,1,0,1,1
place_cups,single,single:1->2,,2,0,0,1,1,1,0,1,1
place_cups,single,single:1->2,,3,0,0,1,1,1,0,1,1
place_cups,single,single:1->2,,4,0,0,1,1,1,0,1,1
place_cups,single,single:2->3,,0,0,0,1,1,1,0,1,1
place_cups,single,single:2->3,,1,0,0,1,1,1,0,1,1
place_cups,single,single:2->3,,2,0,0,1,1,1,0,1,1
place_cups,single,single:2->3,,3,0,0,1,1,1,0,1,1
place_cups,single,single:2->3,,4,0,0,1,1,1,0,1,1
place_cups,single,single:3->4,,0,0,0,1,1,1,0,1,1
place_cups,single,single:3->4,,1,0,0,1,1,1,0,1,1
place_cups,single,single:3->4,,2,0,0,1,1,1,0,1,1
place_cups,single,single:3->4,,3,0,0,1,1,1,0,1,1
place_cups,single,single:3->4,,4,0,0,1,1,1,0,1,1
stack_wine,single,single:0->1,,0,0,0,1,1,1,0,1,1
stack_wine,single,single:0->1,,1,0,0,1,1,1,0,1,1
stack_wine,single,single:0->1,,2,0,0,1,1,1,0,1,1
stack_wine,single,single:0->1,,3,0,0,1,1,1,0,1,1
stack_wine,single,single:0->1,,4,0,0,1,1,1,0,1,1
stack_wine,single,single:1->2,,0,0,0,1,1,1,0,1,1
stack_wine,single,single:1->2,,1,0,0,1,1,1,0,1,1
stack_wine,single,single:1->2,,2,0,0,1,1,1,0,1,1
stack_wine,single,single:1->2,,3,0,0,1,1,1,0,1,1
stack_wine,single,single:1->2,,4,0,0,1,1,1,0,1,1
stack_wine,single,single:2->3,,0,0,0,1,1,1,0,1,1
stack_wine,single,single:2->3,,1,0,0,1,1,1,0,1,1
stack_wine,single,single:2->3,,2,0,0,1,1,1,0,1,1
stack_wine,single,single:2->3,,3,0,0,1,1,1,0,1,1
stack_wine,single,single:2->3,,4,0,0,1,1,1,0,1,1
wipe_desk,single,single:0->1,,0,0,0,1,1,1,0,1,1
wipe_desk,single,single:0->1,,1,0,0,1,1,1,0,1,1
wipe_desk,single,single:0->1,,2,0,0,1,1,1,0,1,1
wipe_desk,single,single:0->1,,3,0,0,1,1,1,0,1,1
wipe_desk,single,single:0->1,,4,0,0,1,1,1,0,1,1
wipe_desk,single,single:1->2,,0,0,2,1,1,1,0,1,1
wipe_desk,single,single:1->2,,1,0,2,1,1,1,0,1,1
wipe_desk,single,single:1->2,,2,0,2,1,1,1,0,1,1
wipe_desk,single,single:1->2,,3,0,2,1,1,1,0,1,1
wipe_desk,single,single:1->2,,4,0,2,1,1,1,0,1,1
wipe_desk,single,single:2->3,,0,0,0,1,1,1,0,1,1
wipe_desk,single,single:2->3,,1,0,0,1,1,1,0,1,1
wipe_desk,single,single:2->3,,2,0,0,1,1,1,0,1,1
wipe_desk,single,single:2->3,,3,0,0,1,1,1,0,1,1
wipe_desk,single,single:2->3,,4,0,0,1,1,1,0,1,1
